[
{
    "pk": 1, 
    "model": "contenttypes.contenttype", 
    "fields": {
        "model": "permission", 
        "name": "permission", 
        "app_label": "auth"
    }
},
{
    "pk": 2, 
    "model": "contenttypes.contenttype", 
    "fields": {
        "model": "group", 
        "name": "group", 
        "app_label": "auth"
    }
},
{
    "pk": 3, 
    "model": "contenttypes.contenttype", 
    "fields": {
        "model": "user", 
        "name": "user", 
        "app_label": "auth"
    }
},
{
    "pk": 4, 
    "model": "contenttypes.contenttype", 
    "fields": {
        "model": "contenttype", 
        "name": "content type", 
        "app_label": "contenttypes"
    }
},
{
    "pk": 5, 
    "model": "contenttypes.contenttype", 
    "fields": {
        "model": "session", 
        "name": "session", 
        "app_label": "sessions"
    }
},
{
    "pk": 6, 
    "model": "contenttypes.contenttype", 
    "fields": {
        "model": "site", 
        "name": "site", 
        "app_label": "sites"
    }
},
{
    "pk": 7, 
    "model": "contenttypes.contenttype", 
    "fields": {
        "model": "logentry", 
        "name": "log entry", 
        "app_label": "admin"
    }
},
{
    "pk": 8, 
    "model": "contenttypes.contenttype", 
    "fields": {
        "model": "macrocliente", 
        "name": "macro cliente", 
        "app_label": "clientes"
    }
},
{
    "pk": 9, 
    "model": "contenttypes.contenttype", 
    "fields": {
        "model": "encargado", 
        "name": "encargado", 
        "app_label": "clientes"
    }
},
{
    "pk": 10, 
    "model": "contenttypes.contenttype", 
    "fields": {
        "model": "cliente", 
        "name": "cliente", 
        "app_label": "clientes"
    }
},
{
    "pk": 11, 
    "model": "contenttypes.contenttype", 
    "fields": {
        "model": "sede", 
        "name": "sede", 
        "app_label": "clientes"
    }
},
{
    "pk": 12, 
    "model": "contenttypes.contenttype", 
    "fields": {
        "model": "tipos_eventos", 
        "name": "tipos_ eventos", 
        "app_label": "evento"
    }
},
{
    "pk": 13, 
    "model": "contenttypes.contenttype", 
    "fields": {
        "model": "evento", 
        "name": "evento", 
        "app_label": "evento"
    }
},
{
    "pk": 14, 
    "model": "contenttypes.contenttype", 
    "fields": {
        "model": "funcion", 
        "name": "funcion", 
        "app_label": "evento"
    }
},
{
    "pk": 15, 
    "model": "contenttypes.contenttype", 
    "fields": {
        "model": "gasto", 
        "name": "gasto", 
        "app_label": "evento"
    }
},
{
    "pk": 16, 
    "model": "contenttypes.contenttype", 
    "fields": {
        "model": "gastos_funcion", 
        "name": "gastos_ funcion", 
        "app_label": "evento"
    }
},
{
    "pk": 17, 
    "model": "contenttypes.contenttype", 
    "fields": {
        "model": "pautas", 
        "name": "pautas", 
        "app_label": "evento"
    }
},
{
    "pk": 18, 
    "model": "contenttypes.contenttype", 
    "fields": {
        "model": "bloque", 
        "name": "bloque", 
        "app_label": "evento"
    }
},
{
    "pk": 19, 
    "model": "contenttypes.contenttype", 
    "fields": {
        "model": "marca", 
        "name": "marca", 
        "app_label": "marca"
    }
},
{
    "pk": 20, 
    "model": "contenttypes.contenttype", 
    "fields": {
        "model": "submarca", 
        "name": "sub marca", 
        "app_label": "marca"
    }
},
{
    "pk": 21, 
    "model": "contenttypes.contenttype", 
    "fields": {
        "model": "privilegios", 
        "name": "privilegios", 
        "app_label": "staff"
    }
},
{
    "pk": 22, 
    "model": "contenttypes.contenttype", 
    "fields": {
        "model": "equipos", 
        "name": "equipos", 
        "app_label": "staff"
    }
},
{
    "pk": 23, 
    "model": "contenttypes.contenttype", 
    "fields": {
        "model": "experiencia", 
        "name": "experiencia", 
        "app_label": "staff"
    }
},
{
    "pk": 24, 
    "model": "contenttypes.contenttype", 
    "fields": {
        "model": "datodepago", 
        "name": "dato de pago", 
        "app_label": "staff"
    }
},
{
    "pk": 25, 
    "model": "contenttypes.contenttype", 
    "fields": {
        "model": "usuario", 
        "name": "usuario", 
        "app_label": "staff"
    }
},
{
    "pk": 26, 
    "model": "contenttypes.contenttype", 
    "fields": {
        "model": "tipostaff", 
        "name": "tipo staff", 
        "app_label": "staff"
    }
},
{
    "pk": 27, 
    "model": "contenttypes.contenttype", 
    "fields": {
        "model": "staffporfuncion", 
        "name": "staff por funcion", 
        "app_label": "staff"
    }
},
{
    "pk": 28, 
    "model": "contenttypes.contenttype", 
    "fields": {
        "model": "asistenciastafffuncion", 
        "name": "asistencia staff funcion", 
        "app_label": "staff"
    }
},
{
    "pk": 29, 
    "model": "contenttypes.contenttype", 
    "fields": {
        "model": "archivoadjunto", 
        "name": "archivo adjunto", 
        "app_label": "staff"
    }
},
{
    "pk": 30, 
    "model": "contenttypes.contenttype", 
    "fields": {
        "model": "direccion", 
        "name": "direccion", 
        "app_label": "direcciones"
    }
},
{
    "pk": 31, 
    "model": "contenttypes.contenttype", 
    "fields": {
        "model": "proveedor", 
        "name": "proveedor", 
        "app_label": "productos"
    }
},
{
    "pk": 32, 
    "model": "contenttypes.contenttype", 
    "fields": {
        "model": "items", 
        "name": "items", 
        "app_label": "productos"
    }
},
{
    "pk": 33, 
    "model": "contenttypes.contenttype", 
    "fields": {
        "model": "itemsprestado", 
        "name": "items prestado", 
        "app_label": "productos"
    }
},
{
    "pk": 34, 
    "model": "contenttypes.contenttype", 
    "fields": {
        "model": "formadepago", 
        "name": "forma de pago", 
        "app_label": "productos"
    }
},
{
    "pk": 35, 
    "model": "contenttypes.contenttype", 
    "fields": {
        "model": "lote", 
        "name": "lote", 
        "app_label": "productos"
    }
},
{
    "pk": 36, 
    "model": "contenttypes.contenttype", 
    "fields": {
        "model": "producto", 
        "name": "producto", 
        "app_label": "productos"
    }
},
{
    "pk": 37, 
    "model": "contenttypes.contenttype", 
    "fields": {
        "model": "productoevento", 
        "name": "producto evento", 
        "app_label": "productos"
    }
},
{
    "pk": 38, 
    "model": "contenttypes.contenttype", 
    "fields": {
        "model": "productoimpresion", 
        "name": "producto impresion", 
        "app_label": "productos"
    }
},
{
    "pk": 39, 
    "model": "contenttypes.contenttype", 
    "fields": {
        "model": "productoeventopedido", 
        "name": "producto evento pedido", 
        "app_label": "productos"
    }
},
{
    "pk": 40, 
    "model": "contenttypes.contenttype", 
    "fields": {
        "model": "tipoenvio", 
        "name": "tipo envio", 
        "app_label": "productos"
    }
},
{
    "pk": 41, 
    "model": "contenttypes.contenttype", 
    "fields": {
        "model": "pedido", 
        "name": "pedido", 
        "app_label": "productos"
    }
},
{
    "pk": 42, 
    "model": "contenttypes.contenttype", 
    "fields": {
        "model": "pedidopago", 
        "name": "pedido pago", 
        "app_label": "productos"
    }
},
{
    "pk": 43, 
    "model": "contenttypes.contenttype", 
    "fields": {
        "model": "productoeventocombo", 
        "name": "productoevento combo", 
        "app_label": "productos"
    }
},
{
    "pk": 44, 
    "model": "contenttypes.contenttype", 
    "fields": {
        "model": "enviopedido", 
        "name": "envio pedido", 
        "app_label": "productos"
    }
},
{
    "pk": 45, 
    "model": "contenttypes.contenttype", 
    "fields": {
        "model": "direccionfuncion", 
        "name": "direccion funcion", 
        "app_label": "modulo_movil"
    }
},
{
    "pk": 46, 
    "model": "contenttypes.contenttype", 
    "fields": {
        "model": "direcciones_exportacion", 
        "name": "direcciones_exportacion", 
        "app_label": "modulo_movil"
    }
},
{
    "pk": 47, 
    "model": "contenttypes.contenttype", 
    "fields": {
        "model": "directorio_actual", 
        "name": "directorio_actual", 
        "app_label": "modulo_movil"
    }
},
{
    "pk": 48, 
    "model": "contenttypes.contenttype", 
    "fields": {
        "model": "cliente_aux", 
        "name": "cliente_aux", 
        "app_label": "modulo_movil"
    }
},
{
    "pk": 49, 
    "model": "contenttypes.contenttype", 
    "fields": {
        "model": "pedido_aux", 
        "name": "pedido_aux", 
        "app_label": "modulo_movil"
    }
},
{
    "pk": 50, 
    "model": "contenttypes.contenttype", 
    "fields": {
        "model": "productoeventopedido_aux", 
        "name": "producto evento pedido_aux", 
        "app_label": "modulo_movil"
    }
},
{
    "pk": 51, 
    "model": "contenttypes.contenttype", 
    "fields": {
        "model": "pedidopago_aux", 
        "name": "pedido pago_aux", 
        "app_label": "modulo_movil"
    }
},
{
    "pk": 52, 
    "model": "contenttypes.contenttype", 
    "fields": {
        "model": "configuracion", 
        "name": "configuracion", 
        "app_label": "modulo_movil"
    }
},
{
    "pk": 53, 
    "model": "contenttypes.contenttype", 
    "fields": {
        "model": "configuracionempresa", 
        "name": "configuracion empresa", 
        "app_label": "modulo_movil"
    }
},
{
    "pk": 54, 
    "model": "contenttypes.contenttype", 
    "fields": {
        "model": "tarea", 
        "name": "tarea", 
        "app_label": "tareas"
    }
},
{
    "pk": 55, 
    "model": "contenttypes.contenttype", 
    "fields": {
        "model": "prela", 
        "name": "prela", 
        "app_label": "tareas"
    }
},
{
    "pk": 56, 
    "model": "contenttypes.contenttype", 
    "fields": {
        "model": "tareatipoevento", 
        "name": "tarea tipo evento", 
        "app_label": "tareas"
    }
},
{
    "pk": 57, 
    "model": "contenttypes.contenttype", 
    "fields": {
        "model": "prelatareatipoevento", 
        "name": "prela tarea tipo evento", 
        "app_label": "tareas"
    }
},
{
    "pk": 58, 
    "model": "contenttypes.contenttype", 
    "fields": {
        "model": "notificacion", 
        "name": "notificacion", 
        "app_label": "tareas"
    }
},
{
    "pk": 59, 
    "model": "contenttypes.contenttype", 
    "fields": {
        "model": "tipodegasto", 
        "name": "tipo de gasto", 
        "app_label": "administracion"
    }
},
{
    "pk": 60, 
    "model": "contenttypes.contenttype", 
    "fields": {
        "model": "gastoadministracion", 
        "name": "gasto administracion", 
        "app_label": "administracion"
    }
},
{
    "pk": 61, 
    "model": "contenttypes.contenttype", 
    "fields": {
        "model": "gastoevento", 
        "name": "gasto evento", 
        "app_label": "administracion"
    }
},
{
    "pk": 62, 
    "model": "contenttypes.contenttype", 
    "fields": {
        "model": "pago", 
        "name": "pago", 
        "app_label": "administracion"
    }
},
{
    "pk": "15e5wk7fko9da0k119zhygf8879z1ykz", 
    "model": "sessions.session", 
    "fields": {
        "expire_date": "2014-07-18T22:36:56.714Z", 
        "session_data": "MTNjMmMzODg1N2UzNjdkNjM0Zjc3ZTc2NzI0NTY2ZWVkY2ZmZWYxYzqAAn1xAShVDV9hdXRoX3VzZXJfaWRLBVUSX2F1dGhfdXNlcl9iYWNrZW5kVSlkamFuZ28uY29udHJpYi5hdXRoLmJhY2tlbmRzLk1vZGVsQmFja2VuZHECdS4="
    }
},
{
    "pk": "1ecvtgs59p1uspu17cx83t11o7ivp2ye", 
    "model": "sessions.session", 
    "fields": {
        "expire_date": "2014-07-15T18:36:58.790Z", 
        "session_data": "ZTQ2MzZiZTY1MGRiNDM5ZmQ1NGJiNGI3MzU4ZWQ5N2NiY2RhMDdlNzqAAn1xAShVEl9hdXRoX3VzZXJfYmFja2VuZHECVSlkamFuZ28uY29udHJpYi5hdXRoLmJhY2tlbmRzLk1vZGVsQmFja2VuZHEDVQ1fYXV0aF91c2VyX2lkcQRLAXUu"
    }
},
{
    "pk": "1wcg3exg7p85b5wcm60eeyzrg8pda9a3", 
    "model": "sessions.session", 
    "fields": {
        "expire_date": "2014-07-21T17:48:58.901Z", 
        "session_data": "NmU4ZTUyMzE4YjRiYWY2ZjJhZWM4Njc3ZmJkNjc0YzNlODIzYTQ0MzqAAn1xAShVEl9hdXRoX3VzZXJfYmFja2VuZFUpZGphbmdvLmNvbnRyaWIuYXV0aC5iYWNrZW5kcy5Nb2RlbEJhY2tlbmRxAlUNX2F1dGhfdXNlcl9pZEsBdS4="
    }
},
{
    "pk": "2u6fgw8js7bn0jerc5m0k7fqp289kefu", 
    "model": "sessions.session", 
    "fields": {
        "expire_date": "2014-07-21T20:17:39.665Z", 
        "session_data": "NmU4ZTUyMzE4YjRiYWY2ZjJhZWM4Njc3ZmJkNjc0YzNlODIzYTQ0MzqAAn1xAShVEl9hdXRoX3VzZXJfYmFja2VuZFUpZGphbmdvLmNvbnRyaWIuYXV0aC5iYWNrZW5kcy5Nb2RlbEJhY2tlbmRxAlUNX2F1dGhfdXNlcl9pZEsBdS4="
    }
},
{
    "pk": "44dmpog5ovq2bc9n8aftpai07rlgeiba", 
    "model": "sessions.session", 
    "fields": {
        "expire_date": "2014-07-22T14:29:27.774Z", 
        "session_data": "ZTQ2MzZiZTY1MGRiNDM5ZmQ1NGJiNGI3MzU4ZWQ5N2NiY2RhMDdlNzqAAn1xAShVEl9hdXRoX3VzZXJfYmFja2VuZHECVSlkamFuZ28uY29udHJpYi5hdXRoLmJhY2tlbmRzLk1vZGVsQmFja2VuZHEDVQ1fYXV0aF91c2VyX2lkcQRLAXUu"
    }
},
{
    "pk": "45zicdqx5tfbyplje5cco3kmrm8x69pi", 
    "model": "sessions.session", 
    "fields": {
        "expire_date": "2014-07-18T23:23:04.585Z", 
        "session_data": "ZTAxMDg0ZDk2ZWM0M2Q4ZjliNzY3NWUwNzU0MGYwMjUzNDM5NTJkMDqAAn1xAShVDV9hdXRoX3VzZXJfaWRLA1USX2F1dGhfdXNlcl9iYWNrZW5kVSlkamFuZ28uY29udHJpYi5hdXRoLmJhY2tlbmRzLk1vZGVsQmFja2VuZHECdS4="
    }
},
{
    "pk": "51yqm6j5qly135ihsi4vwi8pmpqjzwtf", 
    "model": "sessions.session", 
    "fields": {
        "expire_date": "2014-07-12T19:20:57.771Z", 
        "session_data": "ZTQ2MzZiZTY1MGRiNDM5ZmQ1NGJiNGI3MzU4ZWQ5N2NiY2RhMDdlNzqAAn1xAShVEl9hdXRoX3VzZXJfYmFja2VuZHECVSlkamFuZ28uY29udHJpYi5hdXRoLmJhY2tlbmRzLk1vZGVsQmFja2VuZHEDVQ1fYXV0aF91c2VyX2lkcQRLAXUu"
    }
},
{
    "pk": "6a8fkgkmyo2p19ssx4h0mpwz5oveyan7", 
    "model": "sessions.session", 
    "fields": {
        "expire_date": "2014-07-12T21:56:48.644Z", 
        "session_data": "OTMwYzNkM2ZiYWUwZDAyZDZjODAzNmE2NThlOWUwMGRlZTkyNjM3MzqAAn1xAShVDV9hdXRoX3VzZXJfaWRLBFUSX2F1dGhfdXNlcl9iYWNrZW5kVSlkamFuZ28uY29udHJpYi5hdXRoLmJhY2tlbmRzLk1vZGVsQmFja2VuZHECdS4="
    }
},
{
    "pk": "7uz24bxlg3gkrydekaefq15yq7hdpi17", 
    "model": "sessions.session", 
    "fields": {
        "expire_date": "2014-07-14T18:38:35.092Z", 
        "session_data": "ZTQ2MzZiZTY1MGRiNDM5ZmQ1NGJiNGI3MzU4ZWQ5N2NiY2RhMDdlNzqAAn1xAShVEl9hdXRoX3VzZXJfYmFja2VuZHECVSlkamFuZ28uY29udHJpYi5hdXRoLmJhY2tlbmRzLk1vZGVsQmFja2VuZHEDVQ1fYXV0aF91c2VyX2lkcQRLAXUu"
    }
},
{
    "pk": "8c2az6jkc4kymubw2plzkaxbcnndtq51", 
    "model": "sessions.session", 
    "fields": {
        "expire_date": "2014-07-21T20:30:45.902Z", 
        "session_data": "NzcwZDNkNWQ4ODFiOGUxYjVkMmRmNTNkMmFkYzQxY2MyYWZhOTI0ODqAAn1xAShVDV9hdXRoX3VzZXJfaWRLAVUSX2F1dGhfdXNlcl9iYWNrZW5kVSlkamFuZ28uY29udHJpYi5hdXRoLmJhY2tlbmRzLk1vZGVsQmFja2VuZHECdS4="
    }
},
{
    "pk": "cim1tquzc0uzzc1ixlrab3d0019rnmhy", 
    "model": "sessions.session", 
    "fields": {
        "expire_date": "2014-07-21T17:08:55.609Z", 
        "session_data": "NzcwZDNkNWQ4ODFiOGUxYjVkMmRmNTNkMmFkYzQxY2MyYWZhOTI0ODqAAn1xAShVDV9hdXRoX3VzZXJfaWRLAVUSX2F1dGhfdXNlcl9iYWNrZW5kVSlkamFuZ28uY29udHJpYi5hdXRoLmJhY2tlbmRzLk1vZGVsQmFja2VuZHECdS4="
    }
},
{
    "pk": "db8jokav1m43h6a6u0369cdwhrd9pbyn", 
    "model": "sessions.session", 
    "fields": {
        "expire_date": "2014-07-12T12:58:06.034Z", 
        "session_data": "YTZmY2Q0YWUxZjIxNmY5MWVlNWY3ZjM0NjYxYWU2ODcyYzA5NjZlNTqAAn1xAShVEl9hdXRoX3VzZXJfYmFja2VuZHECVSlkamFuZ28uY29udHJpYi5hdXRoLmJhY2tlbmRzLk1vZGVsQmFja2VuZHEDVQ1fYXV0aF91c2VyX2lkcQRLAnUu"
    }
},
{
    "pk": "ei86oesw52573y6mg1fx7rfidnznvvvi", 
    "model": "sessions.session", 
    "fields": {
        "expire_date": "2014-07-21T20:17:10.895Z", 
        "session_data": "NzcwZDNkNWQ4ODFiOGUxYjVkMmRmNTNkMmFkYzQxY2MyYWZhOTI0ODqAAn1xAShVDV9hdXRoX3VzZXJfaWRLAVUSX2F1dGhfdXNlcl9iYWNrZW5kVSlkamFuZ28uY29udHJpYi5hdXRoLmJhY2tlbmRzLk1vZGVsQmFja2VuZHECdS4="
    }
},
{
    "pk": "idvaym7spkxhmectvb1x4vc8713gbcpx", 
    "model": "sessions.session", 
    "fields": {
        "expire_date": "2014-07-21T20:32:08.899Z", 
        "session_data": "ZTQ2MzZiZTY1MGRiNDM5ZmQ1NGJiNGI3MzU4ZWQ5N2NiY2RhMDdlNzqAAn1xAShVEl9hdXRoX3VzZXJfYmFja2VuZHECVSlkamFuZ28uY29udHJpYi5hdXRoLmJhY2tlbmRzLk1vZGVsQmFja2VuZHEDVQ1fYXV0aF91c2VyX2lkcQRLAXUu"
    }
},
{
    "pk": "jj23sqyyh3zgydx2r29pgdey6wvzvitz", 
    "model": "sessions.session", 
    "fields": {
        "expire_date": "2014-07-18T19:29:12.509Z", 
        "session_data": "YTZmY2Q0YWUxZjIxNmY5MWVlNWY3ZjM0NjYxYWU2ODcyYzA5NjZlNTqAAn1xAShVEl9hdXRoX3VzZXJfYmFja2VuZHECVSlkamFuZ28uY29udHJpYi5hdXRoLmJhY2tlbmRzLk1vZGVsQmFja2VuZHEDVQ1fYXV0aF91c2VyX2lkcQRLAnUu"
    }
},
{
    "pk": "kua65bt5bch20y7c7744vq0zncrskl2f", 
    "model": "sessions.session", 
    "fields": {
        "expire_date": "2014-07-01T21:20:31.714Z", 
        "session_data": "ZTQ2MzZiZTY1MGRiNDM5ZmQ1NGJiNGI3MzU4ZWQ5N2NiY2RhMDdlNzqAAn1xAShVEl9hdXRoX3VzZXJfYmFja2VuZHECVSlkamFuZ28uY29udHJpYi5hdXRoLmJhY2tlbmRzLk1vZGVsQmFja2VuZHEDVQ1fYXV0aF91c2VyX2lkcQRLAXUu"
    }
},
{
    "pk": "md756smuq4uvfnbdec6lutyclmrkrk1q", 
    "model": "sessions.session", 
    "fields": {
        "expire_date": "2014-07-21T22:18:27.419Z", 
        "session_data": "ZTQ2MzZiZTY1MGRiNDM5ZmQ1NGJiNGI3MzU4ZWQ5N2NiY2RhMDdlNzqAAn1xAShVEl9hdXRoX3VzZXJfYmFja2VuZHECVSlkamFuZ28uY29udHJpYi5hdXRoLmJhY2tlbmRzLk1vZGVsQmFja2VuZHEDVQ1fYXV0aF91c2VyX2lkcQRLAXUu"
    }
},
{
    "pk": "n1q2san18fpmkjke6toew1y47zy7emid", 
    "model": "sessions.session", 
    "fields": {
        "expire_date": "2014-07-18T22:08:35.512Z", 
        "session_data": "MTNlY2M4MmRlYzk0MGU5MWViYjVkZGYzNTllNTA1YjczNmM0Yzg5MDqAAn1xAShVDV9hdXRoX3VzZXJfaWRLDVUSX2F1dGhfdXNlcl9iYWNrZW5kVSlkamFuZ28uY29udHJpYi5hdXRoLmJhY2tlbmRzLk1vZGVsQmFja2VuZHECdS4="
    }
},
{
    "pk": "n85xqkiqr5agd7axtlqcvw8ki2j4767i", 
    "model": "sessions.session", 
    "fields": {
        "expire_date": "2014-07-12T12:34:07.370Z", 
        "session_data": "OWQxOGQ1ZmIzZDIzMDFkZDEyYWY1YjJhZGU3NzY1MjhlZWE1MGVlMTqAAn1xAS4="
    }
},
{
    "pk": "nvl1mto0kl2b2th0bimkhlpscouhsjjl", 
    "model": "sessions.session", 
    "fields": {
        "expire_date": "2014-07-18T22:00:01.963Z", 
        "session_data": "OWQxOGQ1ZmIzZDIzMDFkZDEyYWY1YjJhZGU3NzY1MjhlZWE1MGVlMTqAAn1xAS4="
    }
},
{
    "pk": "nwd3wkc9esjd588ufti4eey9a58i7tp0", 
    "model": "sessions.session", 
    "fields": {
        "expire_date": "2014-07-18T23:08:02.695Z", 
        "session_data": "NmU4ZTUyMzE4YjRiYWY2ZjJhZWM4Njc3ZmJkNjc0YzNlODIzYTQ0MzqAAn1xAShVEl9hdXRoX3VzZXJfYmFja2VuZFUpZGphbmdvLmNvbnRyaWIuYXV0aC5iYWNrZW5kcy5Nb2RlbEJhY2tlbmRxAlUNX2F1dGhfdXNlcl9pZEsBdS4="
    }
},
{
    "pk": "ohpv5lmind4los26q3o5xl87wkw9q386", 
    "model": "sessions.session", 
    "fields": {
        "expire_date": "2014-07-18T21:16:44.066Z", 
        "session_data": "YTZmY2Q0YWUxZjIxNmY5MWVlNWY3ZjM0NjYxYWU2ODcyYzA5NjZlNTqAAn1xAShVEl9hdXRoX3VzZXJfYmFja2VuZHECVSlkamFuZ28uY29udHJpYi5hdXRoLmJhY2tlbmRzLk1vZGVsQmFja2VuZHEDVQ1fYXV0aF91c2VyX2lkcQRLAnUu"
    }
},
{
    "pk": "pyawgyyxzf1sk2s0rr7g97te3r2agd2y", 
    "model": "sessions.session", 
    "fields": {
        "expire_date": "2014-07-21T20:31:05.839Z", 
        "session_data": "NmU4ZTUyMzE4YjRiYWY2ZjJhZWM4Njc3ZmJkNjc0YzNlODIzYTQ0MzqAAn1xAShVEl9hdXRoX3VzZXJfYmFja2VuZFUpZGphbmdvLmNvbnRyaWIuYXV0aC5iYWNrZW5kcy5Nb2RlbEJhY2tlbmRxAlUNX2F1dGhfdXNlcl9pZEsBdS4="
    }
},
{
    "pk": "s1j8bkofeecowkzd0oxant3kyvj8a5tx", 
    "model": "sessions.session", 
    "fields": {
        "expire_date": "2014-07-21T23:47:54.088Z", 
        "session_data": "ZTQ2MzZiZTY1MGRiNDM5ZmQ1NGJiNGI3MzU4ZWQ5N2NiY2RhMDdlNzqAAn1xAShVEl9hdXRoX3VzZXJfYmFja2VuZHECVSlkamFuZ28uY29udHJpYi5hdXRoLmJhY2tlbmRzLk1vZGVsQmFja2VuZHEDVQ1fYXV0aF91c2VyX2lkcQRLAXUu"
    }
},
{
    "pk": "v2sxprzv4a4njd2hasah23rw2cdbilox", 
    "model": "sessions.session", 
    "fields": {
        "expire_date": "2014-07-12T21:52:43.431Z", 
        "session_data": "NWY4MTg2NTBkZWU5MzQ4NmNlOGVmMmY1ZjEwMDlkMTg1MDg4OTM1YTqAAn1xAShVEl9hdXRoX3VzZXJfYmFja2VuZFUpZGphbmdvLmNvbnRyaWIuYXV0aC5iYWNrZW5kcy5Nb2RlbEJhY2tlbmRxAlUNX2F1dGhfdXNlcl9pZEsDdS4="
    }
},
{
    "pk": "y4qyo708oyac14lrrgdwjz8nnlg5iv0x", 
    "model": "sessions.session", 
    "fields": {
        "expire_date": "2014-07-21T20:14:24.696Z", 
        "session_data": "ZTQ2MzZiZTY1MGRiNDM5ZmQ1NGJiNGI3MzU4ZWQ5N2NiY2RhMDdlNzqAAn1xAShVEl9hdXRoX3VzZXJfYmFja2VuZHECVSlkamFuZ28uY29udHJpYi5hdXRoLmJhY2tlbmRzLk1vZGVsQmFja2VuZHEDVQ1fYXV0aF91c2VyX2lkcQRLAXUu"
    }
},
{
    "pk": 1, 
    "model": "sites.site", 
    "fields": {
        "domain": "example.com", 
        "name": "example.com"
    }
},
{
    "pk": 1, 
    "model": "clientes.macrocliente", 
    "fields": {
        "descripcion": "", 
        "rif": "000", 
        "nombre": "Indoor", 
        "submarca": 1, 
        "direccion_fiscal": "None", 
        "telefono": "000"
    }
},
{
    "pk": 2, 
    "model": "clientes.macrocliente", 
    "fields": {
        "descripcion": "Actualizar", 
        "rif": "Actualizar", 
        "nombre": "Colegio Claret", 
        "submarca": 2, 
        "direccion_fiscal": "Actualizar", 
        "telefono": "0212"
    }
},
{
    "pk": 3, 
    "model": "clientes.macrocliente", 
    "fields": {
        "descripcion": "NA", 
        "rif": "", 
        "nombre": "Club Italo Venezolano ", 
        "submarca": 2, 
        "direccion_fiscal": "Av. Rio Paragua, frente al Centro Comercial La Piramide, Prados del Este. Caracas - Venezuela ", 
        "telefono": "(0212) 9784811 / (0212) 9784966"
    }
},
{
    "pk": 6, 
    "model": "clientes.macrocliente", 
    "fields": {
        "descripcion": "NA", 
        "rif": "NA", 
        "nombre": "Pentagrama", 
        "submarca": 3, 
        "direccion_fiscal": "NA", 
        "telefono": "(0416) 627.77.06"
    }
},
{
    "pk": 7, 
    "model": "clientes.macrocliente", 
    "fields": {
        "descripcion": "na", 
        "rif": "NA", 
        "nombre": "Nathaly Dancing Jazz", 
        "submarca": 3, 
        "direccion_fiscal": "Avenida Las Fuentes, Edif. Colo Colo, 2do piso, a una cuadra de la salida a la autopista. El Paraiso, Caracas, Venezuela.", 
        "telefono": "na"
    }
},
{
    "pk": 1, 
    "model": "clientes.encargado", 
    "fields": {
        "cargo": "", 
        "macrocliente": 1, 
        "descripcion": "", 
        "nombre": "Indoor", 
        "telefono": "0", 
        "email": "indoor@indoor.indoow", 
        "cedula": ""
    }
},
{
    "pk": 2, 
    "model": "clientes.encargado", 
    "fields": {
        "cargo": "Actualizar", 
        "macrocliente": 2, 
        "descripcion": "actualizar", 
        "nombre": "Jaqueline Avakiam", 
        "telefono": "0212", 
        "email": "actualizar@turpialdev.com", 
        "cedula": "1"
    }
},
{
    "pk": 3, 
    "model": "clientes.encargado", 
    "fields": {
        "cargo": "Directora de Comite", 
        "macrocliente": 3, 
        "descripcion": "Encargada de la log\u00edstica de la Copa de Gimnasia ", 
        "nombre": "Laura Massaro ", 
        "telefono": "(0424) 234 2922", 
        "email": "gimnasia.centroitalovenezolano@gmail.com", 
        "cedula": ""
    }
},
{
    "pk": 6, 
    "model": "clientes.encargado", 
    "fields": {
        "cargo": "Directora", 
        "macrocliente": 6, 
        "descripcion": "NA", 
        "nombre": "Irma Dominguez", 
        "telefono": "(0416) 627.77.06", 
        "email": "na@gmail.com", 
        "cedula": "NA"
    }
},
{
    "pk": 7, 
    "model": "clientes.encargado", 
    "fields": {
        "cargo": "Directora", 
        "macrocliente": 7, 
        "descripcion": "Mam\u00e1 de Nathaly, el hermano tambien puede ser contactado para cosas de la academia ", 
        "nombre": "Zaida ", 
        "telefono": "na", 
        "email": "na@gmail.com", 
        "cedula": "na"
    }
},
{
    "pk": 1, 
    "model": "clientes.cliente", 
    "fields": {
        "nombres": "Michelle", 
        "apellidos": "Barbour", 
        "rif": "", 
        "direccion_fiscal": "La Urbina ", 
        "telefono": "04142598820", 
        "email": "Mbarbourr@gmail.com", 
        "cedula": "19242317"
    }
},
{
    "pk": 2, 
    "model": "clientes.cliente", 
    "fields": {
        "nombres": "Alejandra", 
        "apellidos": "Opalinski", 
        "rif": "", 
        "direccion_fiscal": "Carcas", 
        "telefono": "123", 
        "email": "logistica@turpialdev.com", 
        "cedula": "19583310"
    }
},
{
    "pk": 3, 
    "model": "clientes.cliente", 
    "fields": {
        "nombres": "Esther", 
        "apellidos": "Garcia", 
        "rif": "", 
        "direccion_fiscal": "Caracas", 
        "telefono": "04166359766", 
        "email": "esthergarcia@ia17.com", 
        "cedula": "6401900"
    }
},
{
    "pk": 4, 
    "model": "clientes.cliente", 
    "fields": {
        "nombres": "Irma", 
        "apellidos": "Hernandez", 
        "rif": "", 
        "direccion_fiscal": "Caracas", 
        "telefono": "04162038558", 
        "email": "Irmah9@gmail.com", 
        "cedula": "9304357"
    }
},
{
    "pk": 5, 
    "model": "clientes.cliente", 
    "fields": {
        "nombres": "Claudia", 
        "apellidos": "Ortega", 
        "rif": "", 
        "direccion_fiscal": "Caracas", 
        "telefono": "04241507712", 
        "email": "Claudiaortega04@gmail.com", 
        "cedula": "12210009"
    }
},
{
    "pk": 6, 
    "model": "clientes.cliente", 
    "fields": {
        "nombres": "Giulia", 
        "apellidos": "Di cola", 
        "rif": "", 
        "direccion_fiscal": "Caracas", 
        "telefono": "04149204012", 
        "email": "Giuliaimex@gmail.com", 
        "cedula": "9954360"
    }
},
{
    "pk": 7, 
    "model": "clientes.cliente", 
    "fields": {
        "nombres": "Monica", 
        "apellidos": "Graterol", 
        "rif": "", 
        "direccion_fiscal": "Italo Caracas ", 
        "telefono": "04241044369", 
        "email": "Graterolmonica@gmail.com", 
        "cedula": "12421005"
    }
},
{
    "pk": 8, 
    "model": "clientes.cliente", 
    "fields": {
        "nombres": "Maria", 
        "apellidos": "Di bello", 
        "rif": "", 
        "direccion_fiscal": "Caracas", 
        "telefono": "04126271884", 
        "email": "Mgmalfitano@gmail.com", 
        "cedula": "8773012"
    }
},
{
    "pk": 9, 
    "model": "clientes.cliente", 
    "fields": {
        "nombres": "Lisette", 
        "apellidos": "Garcia ", 
        "rif": "", 
        "direccion_fiscal": "Caracas", 
        "telefono": "04143068520", 
        "email": "Lissettegarcia@yahoo.com", 
        "cedula": "11674806"
    }
},
{
    "pk": 10, 
    "model": "clientes.cliente", 
    "fields": {
        "nombres": "Maria", 
        "apellidos": "Fernandez", 
        "rif": "", 
        "direccion_fiscal": "Caracas ", 
        "telefono": "2642610", 
        "email": "Mjfernandez1962@gmail.com", 
        "cedula": "5969211"
    }
},
{
    "pk": 11, 
    "model": "clientes.cliente", 
    "fields": {
        "nombres": "raquel", 
        "apellidos": "vieira", 
        "rif": "", 
        "direccion_fiscal": "", 
        "telefono": "04243840097", 
        "email": "vieiraraquel_@hotmail.com", 
        "cedula": "19066116"
    }
},
{
    "pk": 12, 
    "model": "clientes.cliente", 
    "fields": {
        "nombres": "isabella", 
        "apellidos": "paul", 
        "rif": "", 
        "direccion_fiscal": "Sqn roman", 
        "telefono": "04142359800", 
        "email": "ipaul@otepi.com", 
        "cedula": "10334169"
    }
},
{
    "pk": 13, 
    "model": "clientes.cliente", 
    "fields": {
        "nombres": "yaneidi", 
        "apellidos": "de freitas", 
        "rif": "", 
        "direccion_fiscal": "Na", 
        "telefono": "04120103560", 
        "email": "yanep8@hotmail.com", 
        "cedula": "10814653"
    }
},
{
    "pk": 14, 
    "model": "clientes.cliente", 
    "fields": {
        "nombres": "lourdes ", 
        "apellidos": "centeno", 
        "rif": "", 
        "direccion_fiscal": "Na", 
        "telefono": "04142747845", 
        "email": "lourdesec@gmail.com", 
        "cedula": "11630009"
    }
},
{
    "pk": 15, 
    "model": "clientes.cliente", 
    "fields": {
        "nombres": "TEST", 
        "apellidos": "TEST", 
        "rif": "", 
        "direccion_fiscal": "", 
        "telefono": "", 
        "email": "test@test.com", 
        "cedula": "18700266"
    }
},
{
    "pk": 16, 
    "model": "clientes.cliente", 
    "fields": {
        "nombres": "TEST", 
        "apellidos": "TEST", 
        "rif": "V-82783728237-0", 
        "direccion_fiscal": "TEST", 
        "telefono": "04149999999", 
        "email": "personal@test.com", 
        "cedula": "82783728237"
    }
},
{
    "pk": 17, 
    "model": "clientes.cliente", 
    "fields": {
        "nombres": "TEST", 
        "apellidos": "TEST", 
        "rif": "V-8790871612-1", 
        "direccion_fiscal": "TEST TEST TEST", 
        "telefono": "04149999999", 
        "email": "personal1@test.com", 
        "cedula": "8790871612"
    }
},
{
    "pk": 18, 
    "model": "clientes.cliente", 
    "fields": {
        "nombres": "test", 
        "apellidos": "test", 
        "rif": "test-test", 
        "direccion_fiscal": "testetes", 
        "telefono": "12312313", 
        "email": "12123@test.com", 
        "cedula": "666"
    }
},
{
    "pk": 1, 
    "model": "clientes.sede", 
    "fields": {
        "nombre": "Indoor", 
        "macrocliente": 1, 
        "direccion": 1
    }
},
{
    "pk": 2, 
    "model": "clientes.sede", 
    "fields": {
        "nombre": "Colegio Claret", 
        "macrocliente": 2, 
        "direccion": 2
    }
},
{
    "pk": 3, 
    "model": "clientes.sede", 
    "fields": {
        "nombre": "Centro Italo Venezolano ", 
        "macrocliente": 3, 
        "direccion": 4
    }
},
{
    "pk": 4, 
    "model": "clientes.sede", 
    "fields": {
        "nombre": "San Luis ", 
        "macrocliente": 6, 
        "direccion": 6
    }
},
{
    "pk": 5, 
    "model": "clientes.sede", 
    "fields": {
        "nombre": "El Paraiso", 
        "macrocliente": 7, 
        "direccion": 8
    }
},
{
    "pk": 1, 
    "model": "evento.tipos_eventos", 
    "fields": {
        "nombre": "Indoor"
    }
},
{
    "pk": 2, 
    "model": "evento.tipos_eventos", 
    "fields": {
        "nombre": "Con Stand"
    }
},
{
    "pk": 3, 
    "model": "evento.tipos_eventos", 
    "fields": {
        "nombre": "Servicio Fotografico "
    }
},
{
    "pk": 1, 
    "model": "evento.evento", 
    "fields": {
        "porcentaje_institucion": 0.0, 
        "tipo": 1, 
        "macrocliente": 1, 
        "sede": 1, 
        "fecha_entrega": "2014-06-17", 
        "descripcion": "None", 
        "nombre": "Indoor", 
        "submarca": 1, 
        "cliente": null, 
        "encargado": 1
    }
},
{
    "pk": 2, 
    "model": "evento.evento", 
    "fields": {
        "porcentaje_institucion": 10.0, 
        "tipo": 2, 
        "macrocliente": 2, 
        "sede": 2, 
        "fecha_entrega": "2014-07-12", 
        "descripcion": "Competensia de gimnasia del colegio claret", 
        "nombre": "Competencia de Gimnasia ", 
        "submarca": 2, 
        "cliente": null, 
        "encargado": 2
    }
},
{
    "pk": 3, 
    "model": "evento.evento", 
    "fields": {
        "porcentaje_institucion": 12.0, 
        "tipo": 2, 
        "macrocliente": 3, 
        "sede": 3, 
        "fecha_entrega": "2014-07-28", 
        "descripcion": "Evento que se lleva a cabo en el CIV dura tres dias", 
        "nombre": "Copa de Gimnasia Club Italo", 
        "submarca": 2, 
        "cliente": null, 
        "encargado": 3
    }
},
{
    "pk": 4, 
    "model": "evento.evento", 
    "fields": {
        "porcentaje_institucion": 10.0, 
        "tipo": 2, 
        "macrocliente": 6, 
        "sede": 4, 
        "fecha_entrega": "2014-07-28", 
        "descripcion": "NA", 
        "nombre": "Mitos y Leyendas", 
        "submarca": 3, 
        "cliente": null, 
        "encargado": 6
    }
},
{
    "pk": 5, 
    "model": "evento.evento", 
    "fields": {
        "porcentaje_institucion": 10.0, 
        "tipo": 2, 
        "macrocliente": 6, 
        "sede": 4, 
        "fecha_entrega": "2014-07-16", 
        "descripcion": "Evento de Pruebas", 
        "nombre": "Turpial", 
        "submarca": 3, 
        "cliente": null, 
        "encargado": 6
    }
},
{
    "pk": 6, 
    "model": "evento.evento", 
    "fields": {
        "porcentaje_institucion": 12.0, 
        "tipo": 2, 
        "macrocliente": 7, 
        "sede": 5, 
        "fecha_entrega": "2014-08-04", 
        "descripcion": "Acto de fin de curso de la academia, que se llevo acabo en la Hermandad Gallega ", 
        "nombre": "El sueno continua ", 
        "submarca": 3, 
        "cliente": null, 
        "encargado": 7
    }
},
{
    "pk": 1, 
    "model": "evento.funcion", 
    "fields": {
        "evento": 1, 
        "dia": "2014-06-17", 
        "direccion": 1, 
        "entrega_fotos": "17/06/2014", 
        "nombre": "Indoor", 
        "horas": null
    }
},
{
    "pk": 2, 
    "model": "evento.funcion", 
    "fields": {
        "evento": 2, 
        "dia": "2014-06-28", 
        "direccion": 2, 
        "entrega_fotos": "13-07-2014", 
        "nombre": "8 am ", 
        "horas": 0
    }
},
{
    "pk": 3, 
    "model": "evento.funcion", 
    "fields": {
        "evento": 2, 
        "dia": "2014-06-29", 
        "direccion": 2, 
        "entrega_fotos": "14-07-2014", 
        "nombre": "8 am ", 
        "horas": 0
    }
},
{
    "pk": 4, 
    "model": "evento.funcion", 
    "fields": {
        "evento": 3, 
        "dia": "2014-07-04", 
        "direccion": 4, 
        "entrega_fotos": "19-07-2014", 
        "nombre": "Viernes 2pm", 
        "horas": 0
    }
},
{
    "pk": 5, 
    "model": "evento.funcion", 
    "fields": {
        "evento": 3, 
        "dia": "2014-07-05", 
        "direccion": 4, 
        "entrega_fotos": "20-07-2014", 
        "nombre": "Sabado 8am", 
        "horas": 0
    }
},
{
    "pk": 6, 
    "model": "evento.funcion", 
    "fields": {
        "evento": 3, 
        "dia": "2014-07-06", 
        "direccion": 4, 
        "entrega_fotos": "21-07-2014", 
        "nombre": "Domingo 8am", 
        "horas": 0
    }
},
{
    "pk": 7, 
    "model": "evento.funcion", 
    "fields": {
        "evento": 4, 
        "dia": "2014-07-05", 
        "direccion": 7, 
        "entrega_fotos": "20-07-2014", 
        "nombre": "Sab. 11 am", 
        "horas": 0
    }
},
{
    "pk": 8, 
    "model": "evento.funcion", 
    "fields": {
        "evento": 4, 
        "dia": "2014-07-05", 
        "direccion": 7, 
        "entrega_fotos": "20-07-2014", 
        "nombre": "Sab. 4 pm", 
        "horas": 0
    }
},
{
    "pk": 9, 
    "model": "evento.funcion", 
    "fields": {
        "evento": 4, 
        "dia": "2014-07-06", 
        "direccion": 7, 
        "entrega_fotos": "21-07-2014", 
        "nombre": "Dom. 11 am", 
        "horas": 0
    }
},
{
    "pk": 10, 
    "model": "evento.funcion", 
    "fields": {
        "evento": 4, 
        "dia": "2014-07-06", 
        "direccion": 7, 
        "entrega_fotos": "21-07-2014", 
        "nombre": "Dom. 4 pm", 
        "horas": 0
    }
},
{
    "pk": 11, 
    "model": "evento.funcion", 
    "fields": {
        "evento": 4, 
        "dia": "2014-07-08", 
        "direccion": 6, 
        "entrega_fotos": "", 
        "nombre": "3pm-7pm", 
        "horas": 4
    }
},
{
    "pk": 12, 
    "model": "evento.funcion", 
    "fields": {
        "evento": 4, 
        "dia": "2014-07-09", 
        "direccion": 6, 
        "entrega_fotos": "", 
        "nombre": "3pm - 7pm", 
        "horas": 4
    }
},
{
    "pk": 13, 
    "model": "evento.funcion", 
    "fields": {
        "evento": 4, 
        "dia": "2014-07-10", 
        "direccion": 6, 
        "entrega_fotos": "", 
        "nombre": "3-7pm ", 
        "horas": 4
    }
},
{
    "pk": 14, 
    "model": "evento.funcion", 
    "fields": {
        "evento": 5, 
        "dia": "2014-07-07", 
        "direccion": 6, 
        "entrega_fotos": "22-07-2014", 
        "nombre": "Pruebas", 
        "horas": 0
    }
},
{
    "pk": 15, 
    "model": "evento.funcion", 
    "fields": {
        "evento": 6, 
        "dia": "2014-07-09", 
        "direccion": 8, 
        "entrega_fotos": "24-07-2014", 
        "nombre": "Miercoles 3 ", 
        "horas": 0
    }
},
{
    "pk": 16, 
    "model": "evento.funcion", 
    "fields": {
        "evento": 6, 
        "dia": "2014-07-10", 
        "direccion": 8, 
        "entrega_fotos": "25-07-2014", 
        "nombre": "Jueves 3 ", 
        "horas": 0
    }
},
{
    "pk": 17, 
    "model": "evento.funcion", 
    "fields": {
        "evento": 6, 
        "dia": "2014-07-08", 
        "direccion": 9, 
        "entrega_fotos": "23-07-2014", 
        "nombre": "10am", 
        "horas": 0
    }
},
{
    "pk": 18, 
    "model": "evento.funcion", 
    "fields": {
        "evento": 6, 
        "dia": "2014-07-08", 
        "direccion": 9, 
        "entrega_fotos": "23-07-2014", 
        "nombre": "3pm ", 
        "horas": 0
    }
},
{
    "pk": 19, 
    "model": "evento.funcion", 
    "fields": {
        "evento": 6, 
        "dia": "2014-07-19", 
        "direccion": 8, 
        "entrega_fotos": "", 
        "nombre": "9 am - 1pm ", 
        "horas": 4
    }
},
{
    "pk": 1, 
    "model": "evento.bloque", 
    "fields": {
        "nombre": "1-4 Fotografo ", 
        "honorarios": 600.0, 
        "unico": false
    }
},
{
    "pk": 2, 
    "model": "evento.bloque", 
    "fields": {
        "nombre": "4-8 Fotografo", 
        "honorarios": 1200.0, 
        "unico": false
    }
},
{
    "pk": 3, 
    "model": "evento.bloque", 
    "fields": {
        "nombre": "8-12 Fotografo", 
        "honorarios": 1800.0, 
        "unico": false
    }
},
{
    "pk": 4, 
    "model": "evento.bloque", 
    "fields": {
        "nombre": " Fotografo x Funcion ", 
        "honorarios": 900.0, 
        "unico": false
    }
},
{
    "pk": 5, 
    "model": "evento.bloque", 
    "fields": {
        "nombre": "1-4 Vendedor", 
        "honorarios": 400.0, 
        "unico": false
    }
},
{
    "pk": 6, 
    "model": "evento.bloque", 
    "fields": {
        "nombre": "4-8 Vendedor", 
        "honorarios": 700.0, 
        "unico": false
    }
},
{
    "pk": 7, 
    "model": "evento.bloque", 
    "fields": {
        "nombre": "8-12 Vendedor", 
        "honorarios": 1000.0, 
        "unico": false
    }
},
{
    "pk": 8, 
    "model": "evento.bloque", 
    "fields": {
        "nombre": "Precio x Carrera Chofer", 
        "honorarios": 500.0, 
        "unico": false
    }
},
{
    "pk": 9, 
    "model": "evento.bloque", 
    "fields": {
        "nombre": "1-4 Director ", 
        "honorarios": 480.0, 
        "unico": false
    }
},
{
    "pk": 10, 
    "model": "evento.bloque", 
    "fields": {
        "nombre": "4-8 Director", 
        "honorarios": 840.0, 
        "unico": false
    }
},
{
    "pk": 11, 
    "model": "evento.bloque", 
    "fields": {
        "nombre": "8-12 Director ", 
        "honorarios": 1200.0, 
        "unico": false
    }
},
{
    "pk": 12, 
    "model": "evento.bloque", 
    "fields": {
        "nombre": "1-4 Asistente", 
        "honorarios": 300.0, 
        "unico": false
    }
},
{
    "pk": 13, 
    "model": "evento.bloque", 
    "fields": {
        "nombre": "4-8 Asistente", 
        "honorarios": 500.0, 
        "unico": false
    }
},
{
    "pk": 1, 
    "model": "marca.marca", 
    "fields": {
        "nombre": "Indoor"
    }
},
{
    "pk": 2, 
    "model": "marca.marca", 
    "fields": {
        "nombre": "Fotomov Deporte"
    }
},
{
    "pk": 3, 
    "model": "marca.marca", 
    "fields": {
        "nombre": "Fotomov Arte"
    }
},
{
    "pk": 1, 
    "model": "marca.submarca", 
    "fields": {
        "nombre": "Indoor", 
        "marca": 1
    }
},
{
    "pk": 2, 
    "model": "marca.submarca", 
    "fields": {
        "nombre": "Competencia de Gimnasia ", 
        "marca": 2
    }
},
{
    "pk": 3, 
    "model": "marca.submarca", 
    "fields": {
        "nombre": "Academias de Baile", 
        "marca": 3
    }
},
{
    "pk": 1, 
    "model": "staff.privilegios", 
    "fields": {
        "nombre": "Administrador", 
        "valor": 5
    }
},
{
    "pk": 2, 
    "model": "staff.privilegios", 
    "fields": {
        "nombre": "Logistica", 
        "valor": 4
    }
},
{
    "pk": 3, 
    "model": "staff.privilegios", 
    "fields": {
        "nombre": "Edicion", 
        "valor": 3
    }
},
{
    "pk": 4, 
    "model": "staff.privilegios", 
    "fields": {
        "nombre": "Comunicacion", 
        "valor": 2
    }
},
{
    "pk": 5, 
    "model": "staff.privilegios", 
    "fields": {
        "nombre": "Gerencia", 
        "valor": 1
    }
},
{
    "pk": 6, 
    "model": "staff.privilegios", 
    "fields": {
        "nombre": "Vendedor ", 
        "valor": 6
    }
},
{
    "pk": 7, 
    "model": "staff.privilegios", 
    "fields": {
        "nombre": "Fotografos", 
        "valor": 6
    }
},
{
    "pk": 8, 
    "model": "staff.privilegios", 
    "fields": {
        "nombre": "Chofer", 
        "valor": 6
    }
},
{
    "pk": 9, 
    "model": "staff.privilegios", 
    "fields": {
        "nombre": "Director", 
        "valor": 6
    }
},
{
    "pk": 10, 
    "model": "staff.privilegios", 
    "fields": {
        "nombre": "Asistente", 
        "valor": 6
    }
},
{
    "pk": 1, 
    "model": "staff.staffporfuncion", 
    "fields": {
        "bloque": 5, 
        "cantidad": 5, 
        "tipo": 6, 
        "funcion": 4
    }
},
{
    "pk": 2, 
    "model": "staff.staffporfuncion", 
    "fields": {
        "bloque": 1, 
        "cantidad": 3, 
        "tipo": 7, 
        "funcion": 4
    }
},
{
    "pk": 3, 
    "model": "staff.staffporfuncion", 
    "fields": {
        "bloque": 8, 
        "cantidad": 1, 
        "tipo": 8, 
        "funcion": 4
    }
},
{
    "pk": 4, 
    "model": "staff.staffporfuncion", 
    "fields": {
        "bloque": 10, 
        "cantidad": 1, 
        "tipo": 9, 
        "funcion": 4
    }
},
{
    "pk": 5, 
    "model": "staff.staffporfuncion", 
    "fields": {
        "bloque": 7, 
        "cantidad": 5, 
        "tipo": 6, 
        "funcion": 5
    }
},
{
    "pk": 6, 
    "model": "staff.staffporfuncion", 
    "fields": {
        "bloque": 3, 
        "cantidad": 3, 
        "tipo": 7, 
        "funcion": 5
    }
},
{
    "pk": 7, 
    "model": "staff.staffporfuncion", 
    "fields": {
        "bloque": 8, 
        "cantidad": 0, 
        "tipo": 8, 
        "funcion": 5
    }
},
{
    "pk": 8, 
    "model": "staff.staffporfuncion", 
    "fields": {
        "bloque": 11, 
        "cantidad": 1, 
        "tipo": 9, 
        "funcion": 5
    }
},
{
    "pk": 9, 
    "model": "staff.staffporfuncion", 
    "fields": {
        "bloque": 6, 
        "cantidad": 5, 
        "tipo": 6, 
        "funcion": 6
    }
},
{
    "pk": 10, 
    "model": "staff.staffporfuncion", 
    "fields": {
        "bloque": 2, 
        "cantidad": 3, 
        "tipo": 7, 
        "funcion": 6
    }
},
{
    "pk": 11, 
    "model": "staff.staffporfuncion", 
    "fields": {
        "bloque": 8, 
        "cantidad": 0, 
        "tipo": 8, 
        "funcion": 6
    }
},
{
    "pk": 12, 
    "model": "staff.staffporfuncion", 
    "fields": {
        "bloque": 10, 
        "cantidad": 1, 
        "tipo": 9, 
        "funcion": 6
    }
},
{
    "pk": 13, 
    "model": "staff.staffporfuncion", 
    "fields": {
        "bloque": null, 
        "cantidad": 0, 
        "tipo": 6, 
        "funcion": 7
    }
},
{
    "pk": 14, 
    "model": "staff.staffporfuncion", 
    "fields": {
        "bloque": 4, 
        "cantidad": 2, 
        "tipo": 7, 
        "funcion": 7
    }
},
{
    "pk": 15, 
    "model": "staff.staffporfuncion", 
    "fields": {
        "bloque": null, 
        "cantidad": 0, 
        "tipo": 8, 
        "funcion": 7
    }
},
{
    "pk": 16, 
    "model": "staff.staffporfuncion", 
    "fields": {
        "bloque": null, 
        "cantidad": 0, 
        "tipo": 9, 
        "funcion": 7
    }
},
{
    "pk": 17, 
    "model": "staff.staffporfuncion", 
    "fields": {
        "bloque": null, 
        "cantidad": 0, 
        "tipo": 6, 
        "funcion": 8
    }
},
{
    "pk": 18, 
    "model": "staff.staffporfuncion", 
    "fields": {
        "bloque": 4, 
        "cantidad": 2, 
        "tipo": 7, 
        "funcion": 8
    }
},
{
    "pk": 19, 
    "model": "staff.staffporfuncion", 
    "fields": {
        "bloque": null, 
        "cantidad": 0, 
        "tipo": 8, 
        "funcion": 8
    }
},
{
    "pk": 20, 
    "model": "staff.staffporfuncion", 
    "fields": {
        "bloque": null, 
        "cantidad": 0, 
        "tipo": 9, 
        "funcion": 8
    }
},
{
    "pk": 21, 
    "model": "staff.staffporfuncion", 
    "fields": {
        "bloque": null, 
        "cantidad": 0, 
        "tipo": 6, 
        "funcion": 9
    }
},
{
    "pk": 22, 
    "model": "staff.staffporfuncion", 
    "fields": {
        "bloque": 4, 
        "cantidad": 2, 
        "tipo": 7, 
        "funcion": 9
    }
},
{
    "pk": 23, 
    "model": "staff.staffporfuncion", 
    "fields": {
        "bloque": null, 
        "cantidad": 0, 
        "tipo": 8, 
        "funcion": 9
    }
},
{
    "pk": 24, 
    "model": "staff.staffporfuncion", 
    "fields": {
        "bloque": null, 
        "cantidad": 0, 
        "tipo": 9, 
        "funcion": 9
    }
},
{
    "pk": 25, 
    "model": "staff.staffporfuncion", 
    "fields": {
        "bloque": null, 
        "cantidad": 0, 
        "tipo": 6, 
        "funcion": 10
    }
},
{
    "pk": 26, 
    "model": "staff.staffporfuncion", 
    "fields": {
        "bloque": 4, 
        "cantidad": 2, 
        "tipo": 7, 
        "funcion": 10
    }
},
{
    "pk": 27, 
    "model": "staff.staffporfuncion", 
    "fields": {
        "bloque": null, 
        "cantidad": 0, 
        "tipo": 8, 
        "funcion": 10
    }
},
{
    "pk": 28, 
    "model": "staff.staffporfuncion", 
    "fields": {
        "bloque": null, 
        "cantidad": 0, 
        "tipo": 9, 
        "funcion": 10
    }
},
{
    "pk": 29, 
    "model": "staff.staffporfuncion", 
    "fields": {
        "bloque": null, 
        "cantidad": 0, 
        "tipo": 10, 
        "funcion": 7
    }
},
{
    "pk": 30, 
    "model": "staff.staffporfuncion", 
    "fields": {
        "bloque": null, 
        "cantidad": 0, 
        "tipo": 10, 
        "funcion": 8
    }
},
{
    "pk": 31, 
    "model": "staff.staffporfuncion", 
    "fields": {
        "bloque": 12, 
        "cantidad": 1, 
        "tipo": 10, 
        "funcion": 9
    }
},
{
    "pk": 32, 
    "model": "staff.staffporfuncion", 
    "fields": {
        "bloque": 12, 
        "cantidad": 1, 
        "tipo": 10, 
        "funcion": 10
    }
},
{
    "pk": 33, 
    "model": "staff.staffporfuncion", 
    "fields": {
        "bloque": 5, 
        "cantidad": 4, 
        "tipo": 6, 
        "funcion": 11
    }
},
{
    "pk": 34, 
    "model": "staff.staffporfuncion", 
    "fields": {
        "bloque": null, 
        "cantidad": 0, 
        "tipo": 7, 
        "funcion": 11
    }
},
{
    "pk": 35, 
    "model": "staff.staffporfuncion", 
    "fields": {
        "bloque": 8, 
        "cantidad": 1, 
        "tipo": 8, 
        "funcion": 11
    }
},
{
    "pk": 36, 
    "model": "staff.staffporfuncion", 
    "fields": {
        "bloque": 9, 
        "cantidad": 1, 
        "tipo": 9, 
        "funcion": 11
    }
},
{
    "pk": 37, 
    "model": "staff.staffporfuncion", 
    "fields": {
        "bloque": null, 
        "cantidad": 0, 
        "tipo": 10, 
        "funcion": 11
    }
},
{
    "pk": 38, 
    "model": "staff.staffporfuncion", 
    "fields": {
        "bloque": 5, 
        "cantidad": 4, 
        "tipo": 6, 
        "funcion": 12
    }
},
{
    "pk": 39, 
    "model": "staff.staffporfuncion", 
    "fields": {
        "bloque": null, 
        "cantidad": 0, 
        "tipo": 7, 
        "funcion": 12
    }
},
{
    "pk": 40, 
    "model": "staff.staffporfuncion", 
    "fields": {
        "bloque": null, 
        "cantidad": 0, 
        "tipo": 8, 
        "funcion": 12
    }
},
{
    "pk": 41, 
    "model": "staff.staffporfuncion", 
    "fields": {
        "bloque": 9, 
        "cantidad": 1, 
        "tipo": 9, 
        "funcion": 12
    }
},
{
    "pk": 42, 
    "model": "staff.staffporfuncion", 
    "fields": {
        "bloque": null, 
        "cantidad": 0, 
        "tipo": 10, 
        "funcion": 12
    }
},
{
    "pk": 43, 
    "model": "staff.staffporfuncion", 
    "fields": {
        "bloque": 5, 
        "cantidad": 4, 
        "tipo": 6, 
        "funcion": 13
    }
},
{
    "pk": 44, 
    "model": "staff.staffporfuncion", 
    "fields": {
        "bloque": null, 
        "cantidad": 0, 
        "tipo": 7, 
        "funcion": 13
    }
},
{
    "pk": 45, 
    "model": "staff.staffporfuncion", 
    "fields": {
        "bloque": 8, 
        "cantidad": 1, 
        "tipo": 8, 
        "funcion": 13
    }
},
{
    "pk": 46, 
    "model": "staff.staffporfuncion", 
    "fields": {
        "bloque": 9, 
        "cantidad": 1, 
        "tipo": 9, 
        "funcion": 13
    }
},
{
    "pk": 47, 
    "model": "staff.staffporfuncion", 
    "fields": {
        "bloque": null, 
        "cantidad": 0, 
        "tipo": 10, 
        "funcion": 13
    }
},
{
    "pk": 48, 
    "model": "staff.staffporfuncion", 
    "fields": {
        "bloque": null, 
        "cantidad": 0, 
        "tipo": 10, 
        "funcion": 4
    }
},
{
    "pk": 49, 
    "model": "staff.staffporfuncion", 
    "fields": {
        "bloque": null, 
        "cantidad": 0, 
        "tipo": 10, 
        "funcion": 5
    }
},
{
    "pk": 50, 
    "model": "staff.staffporfuncion", 
    "fields": {
        "bloque": null, 
        "cantidad": 0, 
        "tipo": 10, 
        "funcion": 6
    }
},
{
    "pk": 51, 
    "model": "staff.staffporfuncion", 
    "fields": {
        "bloque": null, 
        "cantidad": 0, 
        "tipo": 6, 
        "funcion": 15
    }
},
{
    "pk": 52, 
    "model": "staff.staffporfuncion", 
    "fields": {
        "bloque": null, 
        "cantidad": 0, 
        "tipo": 7, 
        "funcion": 15
    }
},
{
    "pk": 53, 
    "model": "staff.staffporfuncion", 
    "fields": {
        "bloque": null, 
        "cantidad": 0, 
        "tipo": 8, 
        "funcion": 15
    }
},
{
    "pk": 54, 
    "model": "staff.staffporfuncion", 
    "fields": {
        "bloque": null, 
        "cantidad": 0, 
        "tipo": 9, 
        "funcion": 15
    }
},
{
    "pk": 55, 
    "model": "staff.staffporfuncion", 
    "fields": {
        "bloque": null, 
        "cantidad": 0, 
        "tipo": 10, 
        "funcion": 15
    }
},
{
    "pk": 56, 
    "model": "staff.staffporfuncion", 
    "fields": {
        "bloque": null, 
        "cantidad": 0, 
        "tipo": 6, 
        "funcion": 16
    }
},
{
    "pk": 57, 
    "model": "staff.staffporfuncion", 
    "fields": {
        "bloque": null, 
        "cantidad": 0, 
        "tipo": 7, 
        "funcion": 16
    }
},
{
    "pk": 58, 
    "model": "staff.staffporfuncion", 
    "fields": {
        "bloque": null, 
        "cantidad": 0, 
        "tipo": 8, 
        "funcion": 16
    }
},
{
    "pk": 59, 
    "model": "staff.staffporfuncion", 
    "fields": {
        "bloque": null, 
        "cantidad": 0, 
        "tipo": 9, 
        "funcion": 16
    }
},
{
    "pk": 60, 
    "model": "staff.staffporfuncion", 
    "fields": {
        "bloque": null, 
        "cantidad": 0, 
        "tipo": 10, 
        "funcion": 16
    }
},
{
    "pk": 61, 
    "model": "staff.staffporfuncion", 
    "fields": {
        "bloque": null, 
        "cantidad": 0, 
        "tipo": 6, 
        "funcion": 17
    }
},
{
    "pk": 62, 
    "model": "staff.staffporfuncion", 
    "fields": {
        "bloque": null, 
        "cantidad": 0, 
        "tipo": 7, 
        "funcion": 17
    }
},
{
    "pk": 63, 
    "model": "staff.staffporfuncion", 
    "fields": {
        "bloque": null, 
        "cantidad": 0, 
        "tipo": 8, 
        "funcion": 17
    }
},
{
    "pk": 64, 
    "model": "staff.staffporfuncion", 
    "fields": {
        "bloque": null, 
        "cantidad": 0, 
        "tipo": 9, 
        "funcion": 17
    }
},
{
    "pk": 65, 
    "model": "staff.staffporfuncion", 
    "fields": {
        "bloque": null, 
        "cantidad": 0, 
        "tipo": 10, 
        "funcion": 17
    }
},
{
    "pk": 66, 
    "model": "staff.staffporfuncion", 
    "fields": {
        "bloque": null, 
        "cantidad": 0, 
        "tipo": 6, 
        "funcion": 18
    }
},
{
    "pk": 67, 
    "model": "staff.staffporfuncion", 
    "fields": {
        "bloque": null, 
        "cantidad": 0, 
        "tipo": 7, 
        "funcion": 18
    }
},
{
    "pk": 68, 
    "model": "staff.staffporfuncion", 
    "fields": {
        "bloque": null, 
        "cantidad": 0, 
        "tipo": 8, 
        "funcion": 18
    }
},
{
    "pk": 69, 
    "model": "staff.staffporfuncion", 
    "fields": {
        "bloque": null, 
        "cantidad": 0, 
        "tipo": 9, 
        "funcion": 18
    }
},
{
    "pk": 70, 
    "model": "staff.staffporfuncion", 
    "fields": {
        "bloque": null, 
        "cantidad": 0, 
        "tipo": 10, 
        "funcion": 18
    }
},
{
    "pk": 71, 
    "model": "staff.staffporfuncion", 
    "fields": {
        "bloque": null, 
        "cantidad": 0, 
        "tipo": 6, 
        "funcion": 19
    }
},
{
    "pk": 72, 
    "model": "staff.staffporfuncion", 
    "fields": {
        "bloque": null, 
        "cantidad": 0, 
        "tipo": 7, 
        "funcion": 19
    }
},
{
    "pk": 73, 
    "model": "staff.staffporfuncion", 
    "fields": {
        "bloque": null, 
        "cantidad": 0, 
        "tipo": 8, 
        "funcion": 19
    }
},
{
    "pk": 74, 
    "model": "staff.staffporfuncion", 
    "fields": {
        "bloque": null, 
        "cantidad": 0, 
        "tipo": 9, 
        "funcion": 19
    }
},
{
    "pk": 75, 
    "model": "staff.staffporfuncion", 
    "fields": {
        "bloque": null, 
        "cantidad": 0, 
        "tipo": 10, 
        "funcion": 19
    }
},
{
    "pk": 1, 
    "model": "staff.asistenciastafffuncion", 
    "fields": {
        "email_enviado": false, 
        "usuario": 11, 
        "asistencia": false, 
        "fue_convocado": false, 
        "funcion": 4
    }
},
{
    "pk": 2, 
    "model": "staff.asistenciastafffuncion", 
    "fields": {
        "email_enviado": false, 
        "usuario": 11, 
        "asistencia": false, 
        "fue_convocado": true, 
        "funcion": 5
    }
},
{
    "pk": 3, 
    "model": "staff.asistenciastafffuncion", 
    "fields": {
        "email_enviado": false, 
        "usuario": 11, 
        "asistencia": false, 
        "fue_convocado": true, 
        "funcion": 6
    }
},
{
    "pk": 4, 
    "model": "staff.asistenciastafffuncion", 
    "fields": {
        "email_enviado": false, 
        "usuario": 9, 
        "asistencia": false, 
        "fue_convocado": true, 
        "funcion": 4
    }
},
{
    "pk": 5, 
    "model": "staff.asistenciastafffuncion", 
    "fields": {
        "email_enviado": false, 
        "usuario": 10, 
        "asistencia": false, 
        "fue_convocado": false, 
        "funcion": 5
    }
},
{
    "pk": 6, 
    "model": "staff.asistenciastafffuncion", 
    "fields": {
        "email_enviado": false, 
        "usuario": 10, 
        "asistencia": false, 
        "fue_convocado": false, 
        "funcion": 6
    }
},
{
    "pk": 1, 
    "model": "direcciones.direccion", 
    "fields": {
        "lat": 0.0, 
        "nombre": "Indoor", 
        "descripcion": "None", 
        "lon": 0.0, 
        "direccion": "none"
    }
},
{
    "pk": 2, 
    "model": "direcciones.direccion", 
    "fields": {
        "lat": 10.4323732, 
        "nombre": "Colegio Claret", 
        "descripcion": "Colegio Claret", 
        "lon": -66.81607020000001, 
        "direccion": "Calle A-9, Caracas 1083, Venezuela"
    }
},
{
    "pk": 4, 
    "model": "direcciones.direccion", 
    "fields": {
        "lat": 10.4541292135764, 
        "nombre": "Centro Italo Venezolano", 
        "descripcion": "NA", 
        "lon": -66.86850464760744, 
        "direccion": "Calle Union, Caracas 1080, Venezuela"
    }
},
{
    "pk": 6, 
    "model": "direcciones.direccion", 
    "fields": {
        "lat": 10.468748215575918, 
        "nombre": "San Luis, academia  Pentagrama", 
        "descripcion": "A mano derecha del CC San Luis si estas en la redoma ", 
        "lon": -66.84257719160155, 
        "direccion": "Avenida Principal de San Luis, Caracas, Venezuela"
    }
},
{
    "pk": 7, 
    "model": "direcciones.direccion", 
    "fields": {
        "lat": 10.46637045021723, 
        "nombre": "Teatro Santa Rosa de Lima", 
        "descripcion": "En el Colegio Santa Rosa de LIma ", 
        "lon": -66.86092620317993, 
        "direccion": "Avenida La Meseta, Caracas, Venezuela"
    }
},
{
    "pk": 8, 
    "model": "direcciones.direccion", 
    "fields": {
        "lat": 10.484836, 
        "nombre": "El Paraiso, Nathaly Dancing Jazz", 
        "descripcion": "Edificio Colo Colo, Piso 2 ", 
        "lon": -66.94176720000002, 
        "direccion": "Avenida Las Fuentes, Caracas, Venezuela"
    }
},
{
    "pk": 9, 
    "model": "direcciones.direccion", 
    "fields": {
        "lat": 10.5057507, 
        "nombre": "Hermandad Gallega", 
        "descripcion": "NA", 
        "lon": -66.88748599999997, 
        "direccion": "Transversal 7, Caracas, Venezuela"
    }
},
{
    "pk": 1, 
    "model": "productos.proveedor", 
    "fields": {
        "descripcion": "N/A", 
        "nombre": "Ninguno"
    }
},
{
    "pk": 2, 
    "model": "productos.proveedor", 
    "fields": {
        "descripcion": "Impresion de fotos 4x6, 6x8, 8x10", 
        "nombre": "Sfoto"
    }
},
{
    "pk": 3, 
    "model": "productos.proveedor", 
    "fields": {
        "descripcion": "Proveedor de CD", 
        "nombre": "Javier"
    }
},
{
    "pk": 4, 
    "model": "productos.proveedor", 
    "fields": {
        "descripcion": "Hace los videos ", 
        "nombre": "Lucho"
    }
},
{
    "pk": 1, 
    "model": "productos.formadepago", 
    "fields": {
        "pagado": true, 
        "nombre": "Efectivo", 
        "descuento": true
    }
},
{
    "pk": 2, 
    "model": "productos.formadepago", 
    "fields": {
        "pagado": true, 
        "nombre": "Debito", 
        "descuento": true
    }
},
{
    "pk": 3, 
    "model": "productos.formadepago", 
    "fields": {
        "pagado": true, 
        "nombre": "Credito", 
        "descuento": false
    }
},
{
    "pk": 4, 
    "model": "productos.formadepago", 
    "fields": {
        "pagado": false, 
        "nombre": "Cheque", 
        "descuento": true
    }
},
{
    "pk": 5, 
    "model": "productos.formadepago", 
    "fields": {
        "pagado": false, 
        "nombre": "Transferencia", 
        "descuento": true
    }
},
{
    "pk": 1, 
    "model": "productos.lote", 
    "fields": {
        "fecha": "2014-06-30", 
        "codigo": "Competencia de Gimnasia -30620141130", 
        "estado": "Edicion", 
        "ruta": "/home/fotomov/Sistema/fotomov/fotomov/fotomov_imagenes/lotes/Competencia de Gimnasia -30620141130/"
    }
},
{
    "pk": 1, 
    "model": "productos.producto", 
    "fields": {
        "descripcion": "Las fotos que mandan a imprimir son las que se meten en digital", 
        "nombre": "Cd", 
        "es_combo": false
    }
},
{
    "pk": 2, 
    "model": "productos.producto", 
    "fields": {
        "descripcion": "Foto tama\u00f1o postal", 
        "nombre": "Foto 4x6", 
        "es_combo": false
    }
},
{
    "pk": 3, 
    "model": "productos.producto", 
    "fields": {
        "descripcion": "Foto tama\u00f1o media carta", 
        "nombre": "Foto 6x8", 
        "es_combo": false
    }
},
{
    "pk": 4, 
    "model": "productos.producto", 
    "fields": {
        "descripcion": "Foto tama\u00f1o carta", 
        "nombre": "Foto 8x10", 
        "es_combo": false
    }
},
{
    "pk": 5, 
    "model": "productos.producto", 
    "fields": {
        "descripcion": "5 fotos pequenas ", 
        "nombre": "Combo 1", 
        "es_combo": true
    }
},
{
    "pk": 6, 
    "model": "productos.producto", 
    "fields": {
        "descripcion": "5 fotos pequenas y 5 fotos medianas", 
        "nombre": "Combo 2", 
        "es_combo": true
    }
},
{
    "pk": 7, 
    "model": "productos.producto", 
    "fields": {
        "descripcion": "10 fotos grandes y cd", 
        "nombre": "Combo 3 ", 
        "es_combo": true
    }
},
{
    "pk": 8, 
    "model": "productos.producto", 
    "fields": {
        "descripcion": "10 fitis grandes + CD con esas 10 fotos en digital", 
        "nombre": "Combo 3 ", 
        "es_combo": true
    }
},
{
    "pk": 9, 
    "model": "productos.producto", 
    "fields": {
        "descripcion": "5 fotos pequenas + 5 fotos medianas", 
        "nombre": "Combo 2", 
        "es_combo": true
    }
},
{
    "pk": 10, 
    "model": "productos.producto", 
    "fields": {
        "descripcion": "5 fotos pequenas ", 
        "nombre": "Combo 1", 
        "es_combo": true
    }
},
{
    "pk": 11, 
    "model": "productos.producto", 
    "fields": {
        "descripcion": "Video del acto ", 
        "nombre": "Video DVD", 
        "es_combo": false
    }
},
{
    "pk": 12, 
    "model": "productos.producto", 
    "fields": {
        "descripcion": "na", 
        "nombre": "Video Blue-Ray", 
        "es_combo": false
    }
},
{
    "pk": 13, 
    "model": "productos.producto", 
    "fields": {
        "descripcion": "5 fotos pequenas ", 
        "nombre": "Combo 1", 
        "es_combo": true
    }
},
{
    "pk": 14, 
    "model": "productos.producto", 
    "fields": {
        "descripcion": "5 fotos pequenas + 5 fotos medianas", 
        "nombre": "Combo 2", 
        "es_combo": true
    }
},
{
    "pk": 1, 
    "model": "productos.productoevento", 
    "fields": {
        "evento": 2, 
        "proveedor": 1, 
        "precio_produccion": 30.0, 
        "es_combo": false, 
        "producto": 1, 
        "precio": 200.0
    }
},
{
    "pk": 2, 
    "model": "productos.productoevento", 
    "fields": {
        "evento": 2, 
        "proveedor": 1, 
        "precio_produccion": 20.0, 
        "es_combo": false, 
        "producto": 2, 
        "precio": 150.0
    }
},
{
    "pk": 3, 
    "model": "productos.productoevento", 
    "fields": {
        "evento": 2, 
        "proveedor": 1, 
        "precio_produccion": 30.0, 
        "es_combo": false, 
        "producto": 3, 
        "precio": 180.0
    }
},
{
    "pk": 4, 
    "model": "productos.productoevento", 
    "fields": {
        "evento": 2, 
        "proveedor": 1, 
        "precio_produccion": 40.0, 
        "es_combo": false, 
        "producto": 4, 
        "precio": 200.0
    }
},
{
    "pk": 5, 
    "model": "productos.productoevento", 
    "fields": {
        "evento": 2, 
        "proveedor": null, 
        "precio_produccion": 100.0, 
        "es_combo": true, 
        "producto": 5, 
        "precio": 700.0
    }
},
{
    "pk": 6, 
    "model": "productos.productoevento", 
    "fields": {
        "evento": 2, 
        "proveedor": null, 
        "precio_produccion": 250.0, 
        "es_combo": true, 
        "producto": 6, 
        "precio": 1550.0
    }
},
{
    "pk": 7, 
    "model": "productos.productoevento", 
    "fields": {
        "evento": 2, 
        "proveedor": null, 
        "precio_produccion": 430.0, 
        "es_combo": true, 
        "producto": 7, 
        "precio": 2000.0
    }
},
{
    "pk": 8, 
    "model": "productos.productoevento", 
    "fields": {
        "evento": 3, 
        "proveedor": 3, 
        "precio_produccion": 30.0, 
        "es_combo": false, 
        "producto": 1, 
        "precio": 200.0
    }
},
{
    "pk": 9, 
    "model": "productos.productoevento", 
    "fields": {
        "evento": 3, 
        "proveedor": 2, 
        "precio_produccion": 20.0, 
        "es_combo": false, 
        "producto": 2, 
        "precio": 150.0
    }
},
{
    "pk": 10, 
    "model": "productos.productoevento", 
    "fields": {
        "evento": 3, 
        "proveedor": 2, 
        "precio_produccion": 30.0, 
        "es_combo": false, 
        "producto": 3, 
        "precio": 180.0
    }
},
{
    "pk": 11, 
    "model": "productos.productoevento", 
    "fields": {
        "evento": 3, 
        "proveedor": 2, 
        "precio_produccion": 40.0, 
        "es_combo": false, 
        "producto": 4, 
        "precio": 200.0
    }
},
{
    "pk": 12, 
    "model": "productos.productoevento", 
    "fields": {
        "evento": 3, 
        "proveedor": null, 
        "precio_produccion": 430.0, 
        "es_combo": true, 
        "producto": 8, 
        "precio": 2000.0
    }
},
{
    "pk": 13, 
    "model": "productos.productoevento", 
    "fields": {
        "evento": 3, 
        "proveedor": null, 
        "precio_produccion": 250.0, 
        "es_combo": true, 
        "producto": 9, 
        "precio": 1550.0
    }
},
{
    "pk": 14, 
    "model": "productos.productoevento", 
    "fields": {
        "evento": 3, 
        "proveedor": null, 
        "precio_produccion": 100.0, 
        "es_combo": true, 
        "producto": 10, 
        "precio": 700.0
    }
},
{
    "pk": 15, 
    "model": "productos.productoevento", 
    "fields": {
        "evento": 4, 
        "proveedor": 3, 
        "precio_produccion": 30.0, 
        "es_combo": false, 
        "producto": 1, 
        "precio": 200.0
    }
},
{
    "pk": 16, 
    "model": "productos.productoevento", 
    "fields": {
        "evento": 4, 
        "proveedor": 2, 
        "precio_produccion": 20.0, 
        "es_combo": false, 
        "producto": 2, 
        "precio": 150.0
    }
},
{
    "pk": 17, 
    "model": "productos.productoevento", 
    "fields": {
        "evento": 4, 
        "proveedor": 2, 
        "precio_produccion": 0.0, 
        "es_combo": false, 
        "producto": 3, 
        "precio": 180.0
    }
},
{
    "pk": 18, 
    "model": "productos.productoevento", 
    "fields": {
        "evento": 4, 
        "proveedor": 2, 
        "precio_produccion": 0.0, 
        "es_combo": false, 
        "producto": 4, 
        "precio": 200.0
    }
},
{
    "pk": 19, 
    "model": "productos.productoevento", 
    "fields": {
        "evento": 6, 
        "proveedor": 3, 
        "precio_produccion": 30.0, 
        "es_combo": false, 
        "producto": 1, 
        "precio": 150.0
    }
},
{
    "pk": 20, 
    "model": "productos.productoevento", 
    "fields": {
        "evento": 6, 
        "proveedor": 2, 
        "precio_produccion": 20.0, 
        "es_combo": false, 
        "producto": 2, 
        "precio": 150.0
    }
},
{
    "pk": 21, 
    "model": "productos.productoevento", 
    "fields": {
        "evento": 6, 
        "proveedor": 2, 
        "precio_produccion": 30.0, 
        "es_combo": false, 
        "producto": 3, 
        "precio": 180.0
    }
},
{
    "pk": 22, 
    "model": "productos.productoevento", 
    "fields": {
        "evento": 6, 
        "proveedor": 2, 
        "precio_produccion": 40.0, 
        "es_combo": false, 
        "producto": 4, 
        "precio": 200.0
    }
},
{
    "pk": 23, 
    "model": "productos.productoevento", 
    "fields": {
        "evento": 4, 
        "proveedor": 4, 
        "precio_produccion": 200.0, 
        "es_combo": false, 
        "producto": 11, 
        "precio": 550.0
    }
},
{
    "pk": 24, 
    "model": "productos.productoevento", 
    "fields": {
        "evento": 4, 
        "proveedor": 4, 
        "precio_produccion": 200.0, 
        "es_combo": false, 
        "producto": 12, 
        "precio": 650.0
    }
},
{
    "pk": 25, 
    "model": "productos.productoevento", 
    "fields": {
        "evento": 4, 
        "proveedor": null, 
        "precio_produccion": 100.0, 
        "es_combo": true, 
        "producto": 13, 
        "precio": 700.0
    }
},
{
    "pk": 26, 
    "model": "productos.productoevento", 
    "fields": {
        "evento": 4, 
        "proveedor": null, 
        "precio_produccion": 100.0, 
        "es_combo": true, 
        "producto": 14, 
        "precio": 1550.0
    }
},
{
    "pk": 1, 
    "model": "productos.productoeventopedido", 
    "fields": {
        "cantidad": 1, 
        "producto": 2, 
        "num_pedido": 222014140396015442, 
        "ruta": "/home/fotomov/Sistema/fotomov/fotomov/fotomov_imagenes/eventos/2014/Fotomov Deporte/Competencia de Gimnasia /Colegio Claret/Competencia de Gimnasia /Colegio Claret/2014-06-28/Colegio Claret/8 am /Pruebas/IMG_7714.JPG", 
        "estado": "Pagado", 
        "comentario": ""
    }
},
{
    "pk": 5, 
    "model": "productos.productoeventopedido", 
    "fields": {
        "cantidad": 1, 
        "producto": 2, 
        "num_pedido": 222014140396875495, 
        "ruta": "/home/fotomov/Sistema/fotomov/fotomov/fotomov_imagenes/eventos/2014/Fotomov Deporte/Competencia de Gimnasia /Colegio Claret/Competencia de Gimnasia /Colegio Claret/2014-06-28/Colegio Claret/8 am /Nivel 4 - 5/Barras/Angel/IMG_4416.JPG", 
        "estado": "Pagado", 
        "comentario": ""
    }
},
{
    "pk": 6, 
    "model": "productos.productoeventopedido", 
    "fields": {
        "cantidad": 1, 
        "producto": 2, 
        "num_pedido": 222014140396875495, 
        "ruta": "/home/fotomov/Sistema/fotomov/fotomov/fotomov_imagenes/eventos/2014/Fotomov Deporte/Competencia de Gimnasia /Colegio Claret/Competencia de Gimnasia /Colegio Claret/2014-06-28/Colegio Claret/8 am /Nivel 4 - 5/Riel/Angel/DSC_6732.JPG", 
        "estado": "Pagado", 
        "comentario": ""
    }
},
{
    "pk": 7, 
    "model": "productos.productoeventopedido", 
    "fields": {
        "cantidad": 1, 
        "producto": 2, 
        "num_pedido": 222014140396875495, 
        "ruta": "/home/fotomov/Sistema/fotomov/fotomov/fotomov_imagenes/eventos/2014/Fotomov Deporte/Competencia de Gimnasia /Colegio Claret/Competencia de Gimnasia /Colegio Claret/2014-06-28/Colegio Claret/8 am /Nivel 4 - 5/Riel/Angel/DSC_6752.JPG", 
        "estado": "Pagado", 
        "comentario": ""
    }
},
{
    "pk": 9, 
    "model": "productos.productoeventopedido", 
    "fields": {
        "cantidad": 1, 
        "producto": 2, 
        "num_pedido": 222014140396875495, 
        "ruta": "/home/fotomov/Sistema/fotomov/fotomov/fotomov_imagenes/eventos/2014/Fotomov Deporte/Competencia de Gimnasia /Colegio Claret/Competencia de Gimnasia /Colegio Claret/2014-06-28/Colegio Claret/8 am /Nivel 4 - 5/Libre/Angel/IMG_9052.JPG", 
        "estado": "Pagado", 
        "comentario": ""
    }
},
{
    "pk": 10, 
    "model": "productos.productoeventopedido", 
    "fields": {
        "cantidad": 1, 
        "producto": 2, 
        "num_pedido": 222014140396875495, 
        "ruta": "/home/fotomov/Sistema/fotomov/fotomov/fotomov_imagenes/eventos/2014/Fotomov Deporte/Competencia de Gimnasia /Colegio Claret/Competencia de Gimnasia /Colegio Claret/2014-06-28/Colegio Claret/8 am /Nivel 4 - 5/Riel/Angel/DSC_6728.JPG", 
        "estado": "Pagado", 
        "comentario": ""
    }
},
{
    "pk": 11, 
    "model": "productos.productoeventopedido", 
    "fields": {
        "cantidad": 1, 
        "producto": 5, 
        "num_pedido": 222014140396875495, 
        "ruta": "/home/fotomov/Sistema/fotomov/fotomov/fotomov_imagenes/eventos/2014/Fotomov Deporte/Competencia de Gimnasia /Colegio Claret/Competencia de Gimnasia /Colegio Claret/2014-06-28/Colegio Claret/8 am /Nivel 4 - 5/Riel/Angel/-", 
        "estado": "Pagado", 
        "comentario": "-"
    }
},
{
    "pk": 14, 
    "model": "productos.productoeventopedido", 
    "fields": {
        "cantidad": 1, 
        "producto": 2, 
        "num_pedido": 222014140398111071, 
        "ruta": "/home/fotomov/Sistema/fotomov/fotomov/fotomov_imagenes/eventos/2014/Fotomov Deporte/Competencia de Gimnasia /Colegio Claret/Competencia de Gimnasia /Colegio Claret/2014-06-28/Colegio Claret/8 am /Nivel 3/Libre/Angel/IMG_9688.JPG", 
        "estado": "Pagado", 
        "comentario": ""
    }
},
{
    "pk": 16, 
    "model": "productos.productoeventopedido", 
    "fields": {
        "cantidad": 1, 
        "producto": 2, 
        "num_pedido": 222014140398111071, 
        "ruta": "/home/fotomov/Sistema/fotomov/fotomov/fotomov_imagenes/eventos/2014/Fotomov Deporte/Competencia de Gimnasia /Colegio Claret/Competencia de Gimnasia /Colegio Claret/2014-06-28/Colegio Claret/8 am /Nivel 3/Libre/Angel/IMG_9683.JPG", 
        "estado": "Pagado", 
        "comentario": ""
    }
},
{
    "pk": 17, 
    "model": "productos.productoeventopedido", 
    "fields": {
        "cantidad": 1, 
        "producto": 2, 
        "num_pedido": 222014140398111071, 
        "ruta": "/home/fotomov/Sistema/fotomov/fotomov/fotomov_imagenes/eventos/2014/Fotomov Deporte/Competencia de Gimnasia /Colegio Claret/Competencia de Gimnasia /Colegio Claret/2014-06-28/Colegio Claret/8 am /Nivel 3/Libre/Angel/IMG_0110.JPG", 
        "estado": "Pagado", 
        "comentario": ""
    }
},
{
    "pk": 20, 
    "model": "productos.productoeventopedido", 
    "fields": {
        "cantidad": 1, 
        "producto": 2, 
        "num_pedido": 222014140398111071, 
        "ruta": "/home/fotomov/Sistema/fotomov/fotomov/fotomov_imagenes/eventos/2014/Fotomov Deporte/Competencia de Gimnasia /Colegio Claret/Competencia de Gimnasia /Colegio Claret/2014-06-28/Colegio Claret/8 am /Nivel 3/Riel/Angel/DSC_8677.JPG", 
        "estado": "Pagado", 
        "comentario": ""
    }
},
{
    "pk": 23, 
    "model": "productos.productoeventopedido", 
    "fields": {
        "cantidad": 1, 
        "producto": 3, 
        "num_pedido": 22201414039829079, 
        "ruta": "/home/fotomov/Sistema/fotomov/fotomov/fotomov_imagenes/eventos/2014/Fotomov Deporte/Competencia de Gimnasia /Colegio Claret/Competencia de Gimnasia /Colegio Claret/2014-06-28/Colegio Claret/8 am /Nivel 4 - 5/Barras/CIV/DSC_7682.JPG", 
        "estado": "Pagado", 
        "comentario": ""
    }
},
{
    "pk": 25, 
    "model": "productos.productoeventopedido", 
    "fields": {
        "cantidad": 1, 
        "producto": 2, 
        "num_pedido": 222014140398111071, 
        "ruta": "/home/fotomov/Sistema/fotomov/fotomov/fotomov_imagenes/eventos/2014/Fotomov Deporte/Competencia de Gimnasia /Colegio Claret/Competencia de Gimnasia /Colegio Claret/2014-06-28/Colegio Claret/8 am /Nivel 3/Riel/Angel/DSC_8678.JPG", 
        "estado": "Pagado", 
        "comentario": ""
    }
},
{
    "pk": 28, 
    "model": "productos.productoeventopedido", 
    "fields": {
        "cantidad": 1, 
        "producto": 3, 
        "num_pedido": 22201414039829079, 
        "ruta": "/home/fotomov/Sistema/fotomov/fotomov/fotomov_imagenes/eventos/2014/Fotomov Deporte/Competencia de Gimnasia /Colegio Claret/Competencia de Gimnasia /Colegio Claret/2014-06-28/Colegio Claret/8 am /Nivel 4 - 5/Barras/CIV/DSC_7705.JPG", 
        "estado": "Pagado", 
        "comentario": ""
    }
},
{
    "pk": 29, 
    "model": "productos.productoeventopedido", 
    "fields": {
        "cantidad": 1, 
        "producto": 3, 
        "num_pedido": 22201414039829079, 
        "ruta": "/home/fotomov/Sistema/fotomov/fotomov/fotomov_imagenes/eventos/2014/Fotomov Deporte/Competencia de Gimnasia /Colegio Claret/Competencia de Gimnasia /Colegio Claret/2014-06-28/Colegio Claret/8 am /Nivel 4 - 5/Riel/CIV/DSC_6599.JPG", 
        "estado": "Pagado", 
        "comentario": ""
    }
},
{
    "pk": 32, 
    "model": "productos.productoeventopedido", 
    "fields": {
        "cantidad": 1, 
        "producto": 3, 
        "num_pedido": 22201414039829079, 
        "ruta": "/home/fotomov/Sistema/fotomov/fotomov/fotomov_imagenes/eventos/2014/Fotomov Deporte/Competencia de Gimnasia /Colegio Claret/Competencia de Gimnasia /Colegio Claret/2014-06-28/Colegio Claret/8 am /Nivel 4 - 5/Riel/CIV/DSC_6602.JPG", 
        "estado": "Pagado", 
        "comentario": ""
    }
},
{
    "pk": 33, 
    "model": "productos.productoeventopedido", 
    "fields": {
        "cantidad": 1, 
        "producto": 5, 
        "num_pedido": 222014140398111071, 
        "ruta": "/home/fotomov/Sistema/fotomov/fotomov/fotomov_imagenes/eventos/2014/Fotomov Deporte/Competencia de Gimnasia /Colegio Claret/Competencia de Gimnasia /Colegio Claret/2014-06-28/Colegio Claret/8 am /Nivel 3/Premiaciones/-", 
        "estado": "Pagado", 
        "comentario": "-"
    }
},
{
    "pk": 34, 
    "model": "productos.productoeventopedido", 
    "fields": {
        "cantidad": 1, 
        "producto": 3, 
        "num_pedido": 22201414039829079, 
        "ruta": "/home/fotomov/Sistema/fotomov/fotomov/fotomov_imagenes/eventos/2014/Fotomov Deporte/Competencia de Gimnasia /Colegio Claret/Competencia de Gimnasia /Colegio Claret/2014-06-28/Colegio Claret/8 am /Nivel 4 - 5/Riel/CIV/DSC_6604.JPG", 
        "estado": "Pagado", 
        "comentario": ""
    }
},
{
    "pk": 35, 
    "model": "productos.productoeventopedido", 
    "fields": {
        "cantidad": 1, 
        "producto": 3, 
        "num_pedido": 22201414039829079, 
        "ruta": "/home/fotomov/Sistema/fotomov/fotomov/fotomov_imagenes/eventos/2014/Fotomov Deporte/Competencia de Gimnasia /Colegio Claret/Competencia de Gimnasia /Colegio Claret/2014-06-28/Colegio Claret/8 am /Nivel 4 - 5/Libre/CIV/IMG_8953.JPG", 
        "estado": "Pagado", 
        "comentario": ""
    }
},
{
    "pk": 37, 
    "model": "productos.productoeventopedido", 
    "fields": {
        "cantidad": 1, 
        "producto": 3, 
        "num_pedido": 22201414039829079, 
        "ruta": "/home/fotomov/Sistema/fotomov/fotomov/fotomov_imagenes/eventos/2014/Fotomov Deporte/Competencia de Gimnasia /Colegio Claret/Competencia de Gimnasia /Colegio Claret/2014-06-28/Colegio Claret/8 am /Nivel 4 - 5/Libre/CIV/IMG_7999.JPG", 
        "estado": "Pagado", 
        "comentario": ""
    }
},
{
    "pk": 38, 
    "model": "productos.productoeventopedido", 
    "fields": {
        "cantidad": 1, 
        "producto": 3, 
        "num_pedido": 22201414039829079, 
        "ruta": "/home/fotomov/Sistema/fotomov/fotomov/fotomov_imagenes/eventos/2014/Fotomov Deporte/Competencia de Gimnasia /Colegio Claret/Competencia de Gimnasia /Colegio Claret/2014-06-28/Colegio Claret/8 am /Nivel 4 - 5/Libre/CIV/IMG_8970.JPG", 
        "estado": "Pagado", 
        "comentario": ""
    }
},
{
    "pk": 40, 
    "model": "productos.productoeventopedido", 
    "fields": {
        "cantidad": 1, 
        "producto": 3, 
        "num_pedido": 22201414039829079, 
        "ruta": "/home/fotomov/Sistema/fotomov/fotomov/fotomov_imagenes/eventos/2014/Fotomov Deporte/Competencia de Gimnasia /Colegio Claret/Competencia de Gimnasia /Colegio Claret/2014-06-28/Colegio Claret/8 am /Nivel 4 - 5/Libre/CIV/IMG_8012.JPG", 
        "estado": "Pagado", 
        "comentario": ""
    }
},
{
    "pk": 41, 
    "model": "productos.productoeventopedido", 
    "fields": {
        "cantidad": 1, 
        "producto": 3, 
        "num_pedido": 22201414039829079, 
        "ruta": "/home/fotomov/Sistema/fotomov/fotomov/fotomov_imagenes/eventos/2014/Fotomov Deporte/Competencia de Gimnasia /Colegio Claret/Competencia de Gimnasia /Colegio Claret/2014-06-28/Colegio Claret/8 am /Nivel 4 - 5/Libre/CIV/IMG_7733.JPG", 
        "estado": "Pagado", 
        "comentario": ""
    }
},
{
    "pk": 42, 
    "model": "productos.productoeventopedido", 
    "fields": {
        "cantidad": 1, 
        "producto": 3, 
        "num_pedido": 22201414039829079, 
        "ruta": "/home/fotomov/Sistema/fotomov/fotomov/fotomov_imagenes/eventos/2014/Fotomov Deporte/Competencia de Gimnasia /Colegio Claret/Competencia de Gimnasia /Colegio Claret/2014-06-28/Colegio Claret/8 am /Nivel 4 - 5/Libre/CIV/IMG_8132.JPG", 
        "estado": "Pagado", 
        "comentario": ""
    }
},
{
    "pk": 43, 
    "model": "productos.productoeventopedido", 
    "fields": {
        "cantidad": 1, 
        "producto": 3, 
        "num_pedido": 22201414039829079, 
        "ruta": "/home/fotomov/Sistema/fotomov/fotomov/fotomov_imagenes/eventos/2014/Fotomov Deporte/Competencia de Gimnasia /Colegio Claret/Competencia de Gimnasia /Colegio Claret/2014-06-28/Colegio Claret/8 am /Nivel 4 - 5/Premiaciones/IMG_4854.JPG", 
        "estado": "Pagado", 
        "comentario": ""
    }
},
{
    "pk": 44, 
    "model": "productos.productoeventopedido", 
    "fields": {
        "cantidad": 1, 
        "producto": 3, 
        "num_pedido": 22201414039829079, 
        "ruta": "/home/fotomov/Sistema/fotomov/fotomov/fotomov_imagenes/eventos/2014/Fotomov Deporte/Competencia de Gimnasia /Colegio Claret/Competencia de Gimnasia /Colegio Claret/2014-06-28/Colegio Claret/8 am /Nivel 4 - 5/Premiaciones/IMG_4794.JPG", 
        "estado": "Pagado", 
        "comentario": ""
    }
},
{
    "pk": 45, 
    "model": "productos.productoeventopedido", 
    "fields": {
        "cantidad": 1, 
        "producto": 2, 
        "num_pedido": 222014140398525307, 
        "ruta": "/home/fotomov/Sistema/fotomov/fotomov/fotomov_imagenes/eventos/2014/Fotomov Deporte/Competencia de Gimnasia /Colegio Claret/Competencia de Gimnasia /Colegio Claret/2014-06-28/Colegio Claret/8 am /Nivel 3/Riel/CIV/DSC_8475.JPG", 
        "estado": "Pagado", 
        "comentario": ""
    }
},
{
    "pk": 48, 
    "model": "productos.productoeventopedido", 
    "fields": {
        "cantidad": 1, 
        "producto": 2, 
        "num_pedido": 222014140398525307, 
        "ruta": "/home/fotomov/Sistema/fotomov/fotomov/fotomov_imagenes/eventos/2014/Fotomov Deporte/Competencia de Gimnasia /Colegio Claret/Competencia de Gimnasia /Colegio Claret/2014-06-28/Colegio Claret/8 am /Nivel 3/Riel/CIV/DSC_8476.JPG", 
        "estado": "Pagado", 
        "comentario": ""
    }
},
{
    "pk": 50, 
    "model": "productos.productoeventopedido", 
    "fields": {
        "cantidad": 1, 
        "producto": 2, 
        "num_pedido": 222014140398677292, 
        "ruta": "/home/fotomov/Sistema/fotomov/fotomov/fotomov_imagenes/eventos/2014/Fotomov Deporte/Competencia de Gimnasia /Colegio Claret/Competencia de Gimnasia /Colegio Claret/2014-06-28/Colegio Claret/8 am /Nivel 3/Libre/CIV/IMG_0203.JPG", 
        "estado": "Pagado", 
        "comentario": ""
    }
},
{
    "pk": 51, 
    "model": "productos.productoeventopedido", 
    "fields": {
        "cantidad": 1, 
        "producto": 2, 
        "num_pedido": 222014140398677292, 
        "ruta": "/home/fotomov/Sistema/fotomov/fotomov/fotomov_imagenes/eventos/2014/Fotomov Deporte/Competencia de Gimnasia /Colegio Claret/Competencia de Gimnasia /Colegio Claret/2014-06-28/Colegio Claret/8 am /Nivel 3/Libre/CIV/IMG_0199.JPG", 
        "estado": "Pagado", 
        "comentario": ""
    }
},
{
    "pk": 52, 
    "model": "productos.productoeventopedido", 
    "fields": {
        "cantidad": 1, 
        "producto": 2, 
        "num_pedido": 222014140398677292, 
        "ruta": "/home/fotomov/Sistema/fotomov/fotomov/fotomov_imagenes/eventos/2014/Fotomov Deporte/Competencia de Gimnasia /Colegio Claret/Competencia de Gimnasia /Colegio Claret/2014-06-28/Colegio Claret/8 am /Nivel 3/Libre/CIV/IMG_0208.JPG", 
        "estado": "Pagado", 
        "comentario": ""
    }
},
{
    "pk": 53, 
    "model": "productos.productoeventopedido", 
    "fields": {
        "cantidad": 1, 
        "producto": 2, 
        "num_pedido": 222014140398677292, 
        "ruta": "/home/fotomov/Sistema/fotomov/fotomov/fotomov_imagenes/eventos/2014/Fotomov Deporte/Competencia de Gimnasia /Colegio Claret/Competencia de Gimnasia /Colegio Claret/2014-06-28/Colegio Claret/8 am /Nivel 3/Libre/CIV/IMG_0217.JPG", 
        "estado": "Pagado", 
        "comentario": ""
    }
},
{
    "pk": 55, 
    "model": "productos.productoeventopedido", 
    "fields": {
        "cantidad": 1, 
        "producto": 2, 
        "num_pedido": 222014140398525307, 
        "ruta": "/home/fotomov/Sistema/fotomov/fotomov/fotomov_imagenes/eventos/2014/Fotomov Deporte/Competencia de Gimnasia /Colegio Claret/Competencia de Gimnasia /Colegio Claret/2014-06-28/Colegio Claret/8 am /Nivel 3/Libre/CIV/IMG_0177.JPG", 
        "estado": "Pagado", 
        "comentario": ""
    }
},
{
    "pk": 57, 
    "model": "productos.productoeventopedido", 
    "fields": {
        "cantidad": 1, 
        "producto": 2, 
        "num_pedido": 222014140398677292, 
        "ruta": "/home/fotomov/Sistema/fotomov/fotomov/fotomov_imagenes/eventos/2014/Fotomov Deporte/Competencia de Gimnasia /Colegio Claret/Competencia de Gimnasia /Colegio Claret/2014-06-28/Colegio Claret/8 am /Nivel 3/Riel/CIV/DSC_8569.JPG", 
        "estado": "Pagado", 
        "comentario": ""
    }
},
{
    "pk": 61, 
    "model": "productos.productoeventopedido", 
    "fields": {
        "cantidad": 1, 
        "producto": 5, 
        "num_pedido": 222014140398677292, 
        "ruta": "/home/fotomov/Sistema/fotomov/fotomov/fotomov_imagenes/eventos/2014/Fotomov Deporte/Competencia de Gimnasia /Colegio Claret/Competencia de Gimnasia /Colegio Claret/2014-06-28/Colegio Claret/8 am /Nivel 3/Barras/CIV/-", 
        "estado": "Pagado", 
        "comentario": "-"
    }
},
{
    "pk": 62, 
    "model": "productos.productoeventopedido", 
    "fields": {
        "cantidad": 1, 
        "producto": 2, 
        "num_pedido": 222014140398525307, 
        "ruta": "/home/fotomov/Sistema/fotomov/fotomov/fotomov_imagenes/eventos/2014/Fotomov Deporte/Competencia de Gimnasia /Colegio Claret/Competencia de Gimnasia /Colegio Claret/2014-06-28/Colegio Claret/8 am /Nivel 3/Libre/CIV/IMG_0184.JPG", 
        "estado": "Pagado", 
        "comentario": "Recortar. Quitar cabeza que sobra en la esquina inferior derecha"
    }
},
{
    "pk": 63, 
    "model": "productos.productoeventopedido", 
    "fields": {
        "cantidad": 1, 
        "producto": 2, 
        "num_pedido": 222014140398525307, 
        "ruta": "/home/fotomov/Sistema/fotomov/fotomov/fotomov_imagenes/eventos/2014/Fotomov Deporte/Competencia de Gimnasia /Colegio Claret/Competencia de Gimnasia /Colegio Claret/2014-06-28/Colegio Claret/8 am /Nivel 3/Libre/CIV/IMG_0176.JPG", 
        "estado": "Pagado", 
        "comentario": ""
    }
},
{
    "pk": 66, 
    "model": "productos.productoeventopedido", 
    "fields": {
        "cantidad": 1, 
        "producto": 5, 
        "num_pedido": 222014140398525307, 
        "ruta": "/home/fotomov/Sistema/fotomov/fotomov/fotomov_imagenes/eventos/2014/Fotomov Deporte/Competencia de Gimnasia /Colegio Claret/Competencia de Gimnasia /Colegio Claret/2014-06-28/Colegio Claret/8 am /Nivel 3/Premiaciones/-", 
        "estado": "Pagado", 
        "comentario": "-"
    }
},
{
    "pk": 67, 
    "model": "productos.productoeventopedido", 
    "fields": {
        "cantidad": 1, 
        "producto": 2, 
        "num_pedido": 222014140398871586, 
        "ruta": "/home/fotomov/Sistema/fotomov/fotomov/fotomov_imagenes/eventos/2014/Fotomov Deporte/Competencia de Gimnasia /Colegio Claret/Competencia de Gimnasia /Colegio Claret/2014-06-28/Colegio Claret/8 am /Nivel 4 - 5/Riel/CIV/IMG_9259.JPG", 
        "estado": "Pagado", 
        "comentario": ""
    }
},
{
    "pk": 68, 
    "model": "productos.productoeventopedido", 
    "fields": {
        "cantidad": 1, 
        "producto": 2, 
        "num_pedido": 222014140398871586, 
        "ruta": "/home/fotomov/Sistema/fotomov/fotomov/fotomov_imagenes/eventos/2014/Fotomov Deporte/Competencia de Gimnasia /Colegio Claret/Competencia de Gimnasia /Colegio Claret/2014-06-28/Colegio Claret/8 am /Nivel 4 - 5/Riel/CIV/DSC_7235.JPG", 
        "estado": "Pagado", 
        "comentario": ""
    }
},
{
    "pk": 69, 
    "model": "productos.productoeventopedido", 
    "fields": {
        "cantidad": 1, 
        "producto": 2, 
        "num_pedido": 222014140398871586, 
        "ruta": "/home/fotomov/Sistema/fotomov/fotomov/fotomov_imagenes/eventos/2014/Fotomov Deporte/Competencia de Gimnasia /Colegio Claret/Competencia de Gimnasia /Colegio Claret/2014-06-28/Colegio Claret/8 am /Nivel 4 - 5/Riel/CIV/DSC_7212.JPG", 
        "estado": "Pagado", 
        "comentario": ""
    }
},
{
    "pk": 70, 
    "model": "productos.productoeventopedido", 
    "fields": {
        "cantidad": 1, 
        "producto": 2, 
        "num_pedido": 222014140398871586, 
        "ruta": "/home/fotomov/Sistema/fotomov/fotomov/fotomov_imagenes/eventos/2014/Fotomov Deporte/Competencia de Gimnasia /Colegio Claret/Competencia de Gimnasia /Colegio Claret/2014-06-28/Colegio Claret/8 am /Nivel 4 - 5/Riel/CIV/IMG_9255.JPG", 
        "estado": "Pagado", 
        "comentario": ""
    }
},
{
    "pk": 71, 
    "model": "productos.productoeventopedido", 
    "fields": {
        "cantidad": 1, 
        "producto": 2, 
        "num_pedido": 222014140399261101, 
        "ruta": "/home/fotomov/Sistema/fotomov/fotomov/fotomov_imagenes/eventos/2014/Fotomov Deporte/Competencia de Gimnasia /Colegio Claret/Competencia de Gimnasia /Colegio Claret/2014-06-28/Colegio Claret/8 am /usac II/barras/Cristo Rey/IMG_5510.JPG", 
        "estado": "Pagado", 
        "comentario": ""
    }
},
{
    "pk": 72, 
    "model": "productos.productoeventopedido", 
    "fields": {
        "cantidad": 1, 
        "producto": 2, 
        "num_pedido": 222014140399261101, 
        "ruta": "/home/fotomov/Sistema/fotomov/fotomov/fotomov_imagenes/eventos/2014/Fotomov Deporte/Competencia de Gimnasia /Colegio Claret/Competencia de Gimnasia /Colegio Claret/2014-06-28/Colegio Claret/8 am /usac II/barras/Cristo Rey/IMG_5508.JPG", 
        "estado": "Pagado", 
        "comentario": ""
    }
},
{
    "pk": 73, 
    "model": "productos.productoeventopedido", 
    "fields": {
        "cantidad": 1, 
        "producto": 3, 
        "num_pedido": 222014140399236551, 
        "ruta": "/home/fotomov/Sistema/fotomov/fotomov/fotomov_imagenes/eventos/2014/Fotomov Deporte/Competencia de Gimnasia /Colegio Claret/Competencia de Gimnasia /Colegio Claret/2014-06-28/Colegio Claret/8 am /usac II/barras/Cristo Rey/IMG_5521.JPG", 
        "estado": "Pagado", 
        "comentario": ""
    }
},
{
    "pk": 74, 
    "model": "productos.productoeventopedido", 
    "fields": {
        "cantidad": 1, 
        "producto": 2, 
        "num_pedido": 222014140399261101, 
        "ruta": "/home/fotomov/Sistema/fotomov/fotomov/fotomov_imagenes/eventos/2014/Fotomov Deporte/Competencia de Gimnasia /Colegio Claret/Competencia de Gimnasia /Colegio Claret/2014-06-28/Colegio Claret/8 am /usac II/barras/Cristo Rey/IMG_5425.JPG", 
        "estado": "Pagado", 
        "comentario": ""
    }
},
{
    "pk": 75, 
    "model": "productos.productoeventopedido", 
    "fields": {
        "cantidad": 1, 
        "producto": 2, 
        "num_pedido": 222014140399261101, 
        "ruta": "/home/fotomov/Sistema/fotomov/fotomov/fotomov_imagenes/eventos/2014/Fotomov Deporte/Competencia de Gimnasia /Colegio Claret/Competencia de Gimnasia /Colegio Claret/2014-06-28/Colegio Claret/8 am /usac II/barras/Cristo Rey/IMG_5511.JPG", 
        "estado": "Pagado", 
        "comentario": ""
    }
},
{
    "pk": 76, 
    "model": "productos.productoeventopedido", 
    "fields": {
        "cantidad": 1, 
        "producto": 2, 
        "num_pedido": 222014140399261101, 
        "ruta": "/home/fotomov/Sistema/fotomov/fotomov/fotomov_imagenes/eventos/2014/Fotomov Deporte/Competencia de Gimnasia /Colegio Claret/Competencia de Gimnasia /Colegio Claret/2014-06-28/Colegio Claret/8 am /usac II/libre/Cristo Rey/IMG_0997.JPG", 
        "estado": "Pagado", 
        "comentario": ""
    }
},
{
    "pk": 77, 
    "model": "productos.productoeventopedido", 
    "fields": {
        "cantidad": 1, 
        "producto": 2, 
        "num_pedido": 222014140399261101, 
        "ruta": "/home/fotomov/Sistema/fotomov/fotomov/fotomov_imagenes/eventos/2014/Fotomov Deporte/Competencia de Gimnasia /Colegio Claret/Competencia de Gimnasia /Colegio Claret/2014-06-28/Colegio Claret/8 am /usac II/libre/Cristo Rey/IMG_1000.JPG", 
        "estado": "Pagado", 
        "comentario": ""
    }
},
{
    "pk": 78, 
    "model": "productos.productoeventopedido", 
    "fields": {
        "cantidad": 1, 
        "producto": 2, 
        "num_pedido": 222014140399261101, 
        "ruta": "/home/fotomov/Sistema/fotomov/fotomov/fotomov_imagenes/eventos/2014/Fotomov Deporte/Competencia de Gimnasia /Colegio Claret/Competencia de Gimnasia /Colegio Claret/2014-06-28/Colegio Claret/8 am /usac II/libre/Cristo Rey/IMG_1002.JPG", 
        "estado": "Pagado", 
        "comentario": ""
    }
},
{
    "pk": 79, 
    "model": "productos.productoeventopedido", 
    "fields": {
        "cantidad": 1, 
        "producto": 2, 
        "num_pedido": 222014140399261101, 
        "ruta": "/home/fotomov/Sistema/fotomov/fotomov/fotomov_imagenes/eventos/2014/Fotomov Deporte/Competencia de Gimnasia /Colegio Claret/Competencia de Gimnasia /Colegio Claret/2014-06-28/Colegio Claret/8 am /usac II/libre/Cristo Rey/IMG_0912.JPG", 
        "estado": "Pagado", 
        "comentario": ""
    }
},
{
    "pk": 80, 
    "model": "productos.productoeventopedido", 
    "fields": {
        "cantidad": 1, 
        "producto": 2, 
        "num_pedido": 222014140399261101, 
        "ruta": "/home/fotomov/Sistema/fotomov/fotomov/fotomov_imagenes/eventos/2014/Fotomov Deporte/Competencia de Gimnasia /Colegio Claret/Competencia de Gimnasia /Colegio Claret/2014-06-28/Colegio Claret/8 am /usac II/libre/Cristo Rey/IMG_0987.JPG", 
        "estado": "Pagado", 
        "comentario": ""
    }
},
{
    "pk": 81, 
    "model": "productos.productoeventopedido", 
    "fields": {
        "cantidad": 1, 
        "producto": 2, 
        "num_pedido": 222014140399261101, 
        "ruta": "/home/fotomov/Sistema/fotomov/fotomov/fotomov_imagenes/eventos/2014/Fotomov Deporte/Competencia de Gimnasia /Colegio Claret/Competencia de Gimnasia /Colegio Claret/2014-06-28/Colegio Claret/8 am /usac II/libre/Cristo Rey/IMG_0987.JPG", 
        "estado": "Pagado", 
        "comentario": ""
    }
},
{
    "pk": 82, 
    "model": "productos.productoeventopedido", 
    "fields": {
        "cantidad": 1, 
        "producto": 2, 
        "num_pedido": 222014140399261101, 
        "ruta": "/home/fotomov/Sistema/fotomov/fotomov/fotomov_imagenes/eventos/2014/Fotomov Deporte/Competencia de Gimnasia /Colegio Claret/Competencia de Gimnasia /Colegio Claret/2014-06-28/Colegio Claret/8 am /usac II/libre/Cristo Rey/IMG_0991.JPG", 
        "estado": "Pagado", 
        "comentario": ""
    }
},
{
    "pk": 83, 
    "model": "productos.productoeventopedido", 
    "fields": {
        "cantidad": 1, 
        "producto": 2, 
        "num_pedido": 222014140399261101, 
        "ruta": "/home/fotomov/Sistema/fotomov/fotomov/fotomov_imagenes/eventos/2014/Fotomov Deporte/Competencia de Gimnasia /Colegio Claret/Competencia de Gimnasia /Colegio Claret/2014-06-28/Colegio Claret/8 am /usac II/Riel/Cristo Rey/DSC_0183.JPG", 
        "estado": "Pagado", 
        "comentario": ""
    }
},
{
    "pk": 84, 
    "model": "productos.productoeventopedido", 
    "fields": {
        "cantidad": 1, 
        "producto": 2, 
        "num_pedido": 222014140399261101, 
        "ruta": "/home/fotomov/Sistema/fotomov/fotomov/fotomov_imagenes/eventos/2014/Fotomov Deporte/Competencia de Gimnasia /Colegio Claret/Competencia de Gimnasia /Colegio Claret/2014-06-28/Colegio Claret/8 am /usac II/Riel/Cristo Rey/DSC_0022.JPG", 
        "estado": "Pagado", 
        "comentario": ""
    }
},
{
    "pk": 85, 
    "model": "productos.productoeventopedido", 
    "fields": {
        "cantidad": 1, 
        "producto": 2, 
        "num_pedido": 222014140399261101, 
        "ruta": "/home/fotomov/Sistema/fotomov/fotomov/fotomov_imagenes/eventos/2014/Fotomov Deporte/Competencia de Gimnasia /Colegio Claret/Competencia de Gimnasia /Colegio Claret/2014-06-28/Colegio Claret/8 am /usac II/Riel/Cristo Rey/DSC_0022.JPG", 
        "estado": "Pagado", 
        "comentario": ""
    }
},
{
    "pk": 86, 
    "model": "productos.productoeventopedido", 
    "fields": {
        "cantidad": 1, 
        "producto": 2, 
        "num_pedido": 222014140399261101, 
        "ruta": "/home/fotomov/Sistema/fotomov/fotomov/fotomov_imagenes/eventos/2014/Fotomov Deporte/Competencia de Gimnasia /Colegio Claret/Competencia de Gimnasia /Colegio Claret/2014-06-28/Colegio Claret/8 am /usac II/Riel/Cristo Rey/DSC_0177.JPG", 
        "estado": "Pagado", 
        "comentario": ""
    }
},
{
    "pk": 87, 
    "model": "productos.productoeventopedido", 
    "fields": {
        "cantidad": 1, 
        "producto": 2, 
        "num_pedido": 222014140399261101, 
        "ruta": "/home/fotomov/Sistema/fotomov/fotomov/fotomov_imagenes/eventos/2014/Fotomov Deporte/Competencia de Gimnasia /Colegio Claret/Competencia de Gimnasia /Colegio Claret/2014-06-28/Colegio Claret/8 am /usac II/Riel/Cristo Rey/DSC_0170.JPG", 
        "estado": "Pagado", 
        "comentario": ""
    }
},
{
    "pk": 88, 
    "model": "productos.productoeventopedido", 
    "fields": {
        "cantidad": 1, 
        "producto": 9, 
        "num_pedido": 342014140450215636, 
        "ruta": "/home/fotomov/Imagenes/fotomov_imagenes/eventos/2014/Fotomov Deporte/Competencia de Gimnasia /Colegio Claret/Competencia de Gimnasia /Colegio Claret/2014-06-28/Colegio Claret/8 am /Nivel 3/Riel/Loyola/DSC_9224.JPG", 
        "estado": "Pagado", 
        "comentario": ""
    }
},
{
    "pk": 89, 
    "model": "productos.productoeventopedido", 
    "fields": {
        "cantidad": 1, 
        "producto": 10, 
        "num_pedido": 342014140450215636, 
        "ruta": "/home/fotomov/Imagenes/fotomov_imagenes/eventos/2014/Fotomov Deporte/Competencia de Gimnasia /Colegio Claret/Competencia de Gimnasia /Colegio Claret/2014-06-28/Colegio Claret/8 am /Nivel 3/Riel/Loyola/DSC_9224.JPG", 
        "estado": "Pagado", 
        "comentario": ""
    }
},
{
    "pk": 90, 
    "model": "productos.productoeventopedido", 
    "fields": {
        "cantidad": 2, 
        "producto": 11, 
        "num_pedido": 342014140450215636, 
        "ruta": "/home/fotomov/Imagenes/fotomov_imagenes/eventos/2014/Fotomov Deporte/Competencia de Gimnasia /Colegio Claret/Competencia de Gimnasia /Colegio Claret/2014-06-28/Colegio Claret/8 am /Nivel 3/Riel/Loyola/DSC_9183.JPG", 
        "estado": "Pagado", 
        "comentario": ""
    }
},
{
    "pk": 91, 
    "model": "productos.productoeventopedido", 
    "fields": {
        "cantidad": 2, 
        "producto": 9, 
        "num_pedido": 342014140450215636, 
        "ruta": "/home/fotomov/Imagenes/fotomov_imagenes/eventos/2014/Fotomov Deporte/Competencia de Gimnasia /Colegio Claret/Competencia de Gimnasia /Colegio Claret/2014-06-28/Colegio Claret/8 am /Nivel 3/Riel/Loyola/DSC_9183.JPG", 
        "estado": "Pagado", 
        "comentario": ""
    }
},
{
    "pk": 92, 
    "model": "productos.productoeventopedido", 
    "fields": {
        "cantidad": 1, 
        "producto": 9, 
        "num_pedido": 342014140450681888, 
        "ruta": "/home/fotomov/Imagenes/fotomov_imagenes/eventos/2014/Fotomov Deporte/Competencia de Gimnasia /Colegio Claret/Competencia de Gimnasia /Colegio Claret/2014-06-28/Colegio Claret/8 am /usac I/Riel/CIV/IMG_1165.JPG", 
        "estado": "Creado", 
        "comentario": ""
    }
},
{
    "pk": 93, 
    "model": "productos.productoeventopedido", 
    "fields": {
        "cantidad": 1, 
        "producto": 9, 
        "num_pedido": 342014140450681888, 
        "ruta": "/home/fotomov/Imagenes/fotomov_imagenes/eventos/2014/Fotomov Deporte/Competencia de Gimnasia /Colegio Claret/Competencia de Gimnasia /Colegio Claret/2014-06-28/Colegio Claret/8 am /usac I/Riel/CIV/IMG_1167.JPG", 
        "estado": "Creado", 
        "comentario": ""
    }
},
{
    "pk": 94, 
    "model": "productos.productoeventopedido", 
    "fields": {
        "cantidad": 1, 
        "producto": 9, 
        "num_pedido": 342014140451203236, 
        "ruta": "/home/fotomov/Imagenes/fotomov_imagenes/eventos/2014/Fotomov Deporte/Competencia de Gimnasia /Club Italo Venezolano /Copa de Gimnasia Club Italo/Centro Italo Venezolano /2014-07-04/Centro Italo Venezolano/Viernes 2pm/BASICA (COPA INTERNA)/MANOS LIBRES/CIV/DSC02284.JPG", 
        "estado": "Creado", 
        "comentario": ""
    }
},
{
    "pk": 97, 
    "model": "productos.productoeventopedido", 
    "fields": {
        "cantidad": 1, 
        "producto": 9, 
        "num_pedido": 342014140451203236, 
        "ruta": "/home/fotomov/Imagenes/fotomov_imagenes/eventos/2014/Fotomov Deporte/Competencia de Gimnasia /Club Italo Venezolano /Copa de Gimnasia Club Italo/Centro Italo Venezolano /2014-07-04/Centro Italo Venezolano/Viernes 2pm/BASICA (COPA INTERNA)/MANOS LIBRES/CIV/DSC02372.JPG", 
        "estado": "Creado", 
        "comentario": ""
    }
},
{
    "pk": 101, 
    "model": "productos.productoeventopedido", 
    "fields": {
        "cantidad": 1, 
        "producto": 11, 
        "num_pedido": 342014140450861495, 
        "ruta": "/home/fotomov/Imagenes/fotomov_imagenes/eventos/2014/Fotomov Deporte/Competencia de Gimnasia /Club Italo Venezolano /Copa de Gimnasia Club Italo/Centro Italo Venezolano /2014-07-04/Centro Italo Venezolano/Viernes 2pm/BASICA (COPA INTERNA)/RIEL/CIV/IMG_5808.JPG", 
        "estado": "Pagado", 
        "comentario": ""
    }
},
{
    "pk": 103, 
    "model": "productos.productoeventopedido", 
    "fields": {
        "cantidad": 1, 
        "producto": 10, 
        "num_pedido": 34201414045117256, 
        "ruta": "/home/fotomov/Imagenes/fotomov_imagenes/eventos/2014/Fotomov Deporte/Competencia de Gimnasia /Club Italo Venezolano /Copa de Gimnasia Club Italo/Centro Italo Venezolano /2014-07-04/Centro Italo Venezolano/Viernes 2pm/BASICA (COPA INTERNA)/MANOS LIBRES/CIV/DSC02423.JPG", 
        "estado": "Pagado", 
        "comentario": ""
    }
},
{
    "pk": 104, 
    "model": "productos.productoeventopedido", 
    "fields": {
        "cantidad": 1, 
        "producto": 10, 
        "num_pedido": 342014140450861495, 
        "ruta": "/home/fotomov/Imagenes/fotomov_imagenes/eventos/2014/Fotomov Deporte/Competencia de Gimnasia /Club Italo Venezolano /Copa de Gimnasia Club Italo/Centro Italo Venezolano /2014-07-04/Centro Italo Venezolano/Viernes 2pm/BASICA (COPA INTERNA)/RIEL/CIV/IMG_5767.JPG", 
        "estado": "Pagado", 
        "comentario": ""
    }
},
{
    "pk": 105, 
    "model": "productos.productoeventopedido", 
    "fields": {
        "cantidad": 1, 
        "producto": 9, 
        "num_pedido": 34201414045117256, 
        "ruta": "/home/fotomov/Imagenes/fotomov_imagenes/eventos/2014/Fotomov Deporte/Competencia de Gimnasia /Club Italo Venezolano /Copa de Gimnasia Club Italo/Centro Italo Venezolano /2014-07-04/Centro Italo Venezolano/Viernes 2pm/BASICA (COPA INTERNA)/MANOS LIBRES/CIV/DSC02429.JPG", 
        "estado": "Pagado", 
        "comentario": ""
    }
},
{
    "pk": 106, 
    "model": "productos.productoeventopedido", 
    "fields": {
        "cantidad": 1, 
        "producto": 9, 
        "num_pedido": 34201414045117256, 
        "ruta": "/home/fotomov/Imagenes/fotomov_imagenes/eventos/2014/Fotomov Deporte/Competencia de Gimnasia /Club Italo Venezolano /Copa de Gimnasia Club Italo/Centro Italo Venezolano /2014-07-04/Centro Italo Venezolano/Viernes 2pm/BASICA (COPA INTERNA)/MANOS LIBRES/CIV/DSC02424.JPG", 
        "estado": "Pagado", 
        "comentario": ""
    }
},
{
    "pk": 107, 
    "model": "productos.productoeventopedido", 
    "fields": {
        "cantidad": 1, 
        "producto": 9, 
        "num_pedido": 342014140451333485, 
        "ruta": "/home/fotomov/Imagenes/fotomov_imagenes/eventos/2014/Fotomov Deporte/Competencia de Gimnasia /Club Italo Venezolano /Copa de Gimnasia Club Italo/Centro Italo Venezolano /2014-07-04/Centro Italo Venezolano/Viernes 2pm/BASICA (COPA INTERNA)/RIEL/CIV/IMG_6190.JPG", 
        "estado": "Creado", 
        "comentario": ""
    }
},
{
    "pk": 109, 
    "model": "productos.productoeventopedido", 
    "fields": {
        "cantidad": 1, 
        "producto": 11, 
        "num_pedido": 342014140450861495, 
        "ruta": "/home/fotomov/Imagenes/fotomov_imagenes/eventos/2014/Fotomov Deporte/Competencia de Gimnasia /Club Italo Venezolano /Copa de Gimnasia Club Italo/Centro Italo Venezolano /2014-07-04/Centro Italo Venezolano/Viernes 2pm/BASICA (COPA INTERNA)/PREMIACIONES/DSC02598.JPG", 
        "estado": "Pagado", 
        "comentario": ""
    }
},
{
    "pk": 111, 
    "model": "productos.productoeventopedido", 
    "fields": {
        "cantidad": 1, 
        "producto": 9, 
        "num_pedido": 342014140451333485, 
        "ruta": "/home/fotomov/Imagenes/fotomov_imagenes/eventos/2014/Fotomov Deporte/Competencia de Gimnasia /Club Italo Venezolano /Copa de Gimnasia Club Italo/Centro Italo Venezolano /2014-07-04/Centro Italo Venezolano/Viernes 2pm/BASICA (COPA INTERNA)/RIEL/CIV/IMG_5476.JPG", 
        "estado": "Creado", 
        "comentario": ""
    }
},
{
    "pk": 113, 
    "model": "productos.productoeventopedido", 
    "fields": {
        "cantidad": 1, 
        "producto": 10, 
        "num_pedido": 34201414045117256, 
        "ruta": "/home/fotomov/Imagenes/fotomov_imagenes/eventos/2014/Fotomov Deporte/Competencia de Gimnasia /Club Italo Venezolano /Copa de Gimnasia Club Italo/Centro Italo Venezolano /2014-07-04/Centro Italo Venezolano/Viernes 2pm/BASICA (COPA INTERNA)/RIEL/CIV/IMG_5660.JPG", 
        "estado": "Pagado", 
        "comentario": ""
    }
},
{
    "pk": 115, 
    "model": "productos.productoeventopedido", 
    "fields": {
        "cantidad": 1, 
        "producto": 9, 
        "num_pedido": 342014140451333485, 
        "ruta": "/home/fotomov/Imagenes/fotomov_imagenes/eventos/2014/Fotomov Deporte/Competencia de Gimnasia /Club Italo Venezolano /Copa de Gimnasia Club Italo/Centro Italo Venezolano /2014-07-04/Centro Italo Venezolano/Viernes 2pm/BASICA (COPA INTERNA)/RIEL/CIV/IMG_6203.JPG", 
        "estado": "Creado", 
        "comentario": ""
    }
},
{
    "pk": 117, 
    "model": "productos.productoeventopedido", 
    "fields": {
        "cantidad": 1, 
        "producto": 10, 
        "num_pedido": 342014140451343257, 
        "ruta": "/home/fotomov/Imagenes/fotomov_imagenes/eventos/2014/Fotomov Deporte/Competencia de Gimnasia /Club Italo Venezolano /Copa de Gimnasia Club Italo/Centro Italo Venezolano /2014-07-04/Centro Italo Venezolano/Viernes 2pm/BASICA (COPA INTERNA)/RIEL/CIV/IMG_6126.JPG", 
        "estado": "Pagado", 
        "comentario": ""
    }
},
{
    "pk": 118, 
    "model": "productos.productoeventopedido", 
    "fields": {
        "cantidad": 1, 
        "producto": 9, 
        "num_pedido": 342014140451428911, 
        "ruta": "/home/fotomov/Imagenes/fotomov_imagenes/eventos/2014/Fotomov Deporte/Competencia de Gimnasia /Club Italo Venezolano /Copa de Gimnasia Club Italo/Centro Italo Venezolano /2014-07-04/Centro Italo Venezolano/Viernes 2pm/BASICA (COPA INTERNA)/SALTO/CIV/DSC_1021.JPG", 
        "estado": "Creado", 
        "comentario": ""
    }
},
{
    "pk": 120, 
    "model": "productos.productoeventopedido", 
    "fields": {
        "cantidad": 1, 
        "producto": 9, 
        "num_pedido": 342014140451428911, 
        "ruta": "/home/fotomov/Imagenes/fotomov_imagenes/eventos/2014/Fotomov Deporte/Competencia de Gimnasia /Club Italo Venezolano /Copa de Gimnasia Club Italo/Centro Italo Venezolano /2014-07-04/Centro Italo Venezolano/Viernes 2pm/BASICA (COPA INTERNA)/SALTO/CIV/DSC_1421.JPG", 
        "estado": "Creado", 
        "comentario": ""
    }
},
{
    "pk": 121, 
    "model": "productos.productoeventopedido", 
    "fields": {
        "cantidad": 1, 
        "producto": 9, 
        "num_pedido": 342014140451428911, 
        "ruta": "/home/fotomov/Imagenes/fotomov_imagenes/eventos/2014/Fotomov Deporte/Competencia de Gimnasia /Club Italo Venezolano /Copa de Gimnasia Club Italo/Centro Italo Venezolano /2014-07-04/Centro Italo Venezolano/Viernes 2pm/BASICA (COPA INTERNA)/SALTO/CIV/DSC_1429.JPG", 
        "estado": "Creado", 
        "comentario": ""
    }
},
{
    "pk": 123, 
    "model": "productos.productoeventopedido", 
    "fields": {
        "cantidad": 1, 
        "producto": 10, 
        "num_pedido": 342014140451343257, 
        "ruta": "/home/fotomov/Imagenes/fotomov_imagenes/eventos/2014/Fotomov Deporte/Competencia de Gimnasia /Club Italo Venezolano /Copa de Gimnasia Club Italo/Centro Italo Venezolano /2014-07-04/Centro Italo Venezolano/Viernes 2pm/BASICA (COPA INTERNA)/MANOS LIBRES/CIV/DSC02353.JPG", 
        "estado": "Pagado", 
        "comentario": ""
    }
},
{
    "pk": 126, 
    "model": "productos.productoeventopedido", 
    "fields": {
        "cantidad": 1, 
        "producto": 9, 
        "num_pedido": 342014140451537934, 
        "ruta": "/home/fotomov/Imagenes/fotomov_imagenes/eventos/2014/Fotomov Deporte/Competencia de Gimnasia /Club Italo Venezolano /Copa de Gimnasia Club Italo/Centro Italo Venezolano /2014-07-04/Centro Italo Venezolano/Viernes 2pm/NIVEL 1 AAU/RIEL/CIV/DSC_1983.JPG", 
        "estado": "Pagado", 
        "comentario": ""
    }
},
{
    "pk": 128, 
    "model": "productos.productoeventopedido", 
    "fields": {
        "cantidad": 1, 
        "producto": 9, 
        "num_pedido": 342014140451537934, 
        "ruta": "/home/fotomov/Imagenes/fotomov_imagenes/eventos/2014/Fotomov Deporte/Competencia de Gimnasia /Club Italo Venezolano /Copa de Gimnasia Club Italo/Centro Italo Venezolano /2014-07-04/Centro Italo Venezolano/Viernes 2pm/NIVEL 1 AAU/RIEL/CIV/DSC_2115.JPG", 
        "estado": "Pagado", 
        "comentario": ""
    }
},
{
    "pk": 130, 
    "model": "productos.productoeventopedido", 
    "fields": {
        "cantidad": 1, 
        "producto": 9, 
        "num_pedido": 342014140451537934, 
        "ruta": "/home/fotomov/Imagenes/fotomov_imagenes/eventos/2014/Fotomov Deporte/Competencia de Gimnasia /Club Italo Venezolano /Copa de Gimnasia Club Italo/Centro Italo Venezolano /2014-07-04/Centro Italo Venezolano/Viernes 2pm/NIVEL 1 AAU/MANOS LIBRES/CIV/IMG_6354.JPG", 
        "estado": "Pagado", 
        "comentario": ""
    }
},
{
    "pk": 133, 
    "model": "productos.productoeventopedido", 
    "fields": {
        "cantidad": 1, 
        "producto": 9, 
        "num_pedido": 342014140451537934, 
        "ruta": "/home/fotomov/Imagenes/fotomov_imagenes/eventos/2014/Fotomov Deporte/Competencia de Gimnasia /Club Italo Venezolano /Copa de Gimnasia Club Italo/Centro Italo Venezolano /2014-07-04/Centro Italo Venezolano/Viernes 2pm/NIVEL 1 AAU/MANOS LIBRES/CIV/DSC02636.JPG", 
        "estado": "Pagado", 
        "comentario": ""
    }
},
{
    "pk": 134, 
    "model": "productos.productoeventopedido", 
    "fields": {
        "cantidad": 1, 
        "producto": 9, 
        "num_pedido": 342014140451537934, 
        "ruta": "/home/fotomov/Imagenes/fotomov_imagenes/eventos/2014/Fotomov Deporte/Competencia de Gimnasia /Club Italo Venezolano /Copa de Gimnasia Club Italo/Centro Italo Venezolano /2014-07-04/Centro Italo Venezolano/Viernes 2pm/NIVEL 1 AAU/MANOS LIBRES/CIV/DSC02734.JPG", 
        "estado": "Pagado", 
        "comentario": ""
    }
},
{
    "pk": 136, 
    "model": "productos.productoeventopedido", 
    "fields": {
        "cantidad": 1, 
        "producto": 8, 
        "num_pedido": 34201414045117256, 
        "ruta": "/home/fotomov/Imagenes/fotomov_imagenes/eventos/2014/Fotomov Deporte/Competencia de Gimnasia /Club Italo Venezolano /Copa de Gimnasia Club Italo/Centro Italo Venezolano /2014-07-04/Centro Italo Venezolano/Viernes 2pm/BASICA (COPA INTERNA)/RIEL/CIV/IMG_5848.JPG", 
        "estado": "Pagado", 
        "comentario": "Meter todas las fotos en un CD"
    }
},
{
    "pk": 137, 
    "model": "productos.productoeventopedido", 
    "fields": {
        "cantidad": 1, 
        "producto": 9, 
        "num_pedido": 342014140451537934, 
        "ruta": "/home/fotomov/Imagenes/fotomov_imagenes/eventos/2014/Fotomov Deporte/Competencia de Gimnasia /Club Italo Venezolano /Copa de Gimnasia Club Italo/Centro Italo Venezolano /2014-07-04/Centro Italo Venezolano/Viernes 2pm/NIVEL 1 AAU/PREMIACIONES/IMG_6836.JPG", 
        "estado": "Pagado", 
        "comentario": ""
    }
},
{
    "pk": 140, 
    "model": "productos.productoeventopedido", 
    "fields": {
        "cantidad": 1, 
        "producto": 10, 
        "num_pedido": 342014140451662072, 
        "ruta": "/home/fotomov/Imagenes/fotomov_imagenes/eventos/2014/Fotomov Deporte/Competencia de Gimnasia /Club Italo Venezolano /Copa de Gimnasia Club Italo/Centro Italo Venezolano /2014-07-04/Centro Italo Venezolano/Viernes 2pm/BASICA (COPA INTERNA)/RIEL/CIV/IMG_5911.JPG", 
        "estado": "Creado", 
        "comentario": ""
    }
},
{
    "pk": 144, 
    "model": "productos.productoeventopedido", 
    "fields": {
        "cantidad": 1, 
        "producto": 11, 
        "num_pedido": 342014140451656584, 
        "ruta": "/home/fotomov/Imagenes/fotomov_imagenes/eventos/2014/Fotomov Deporte/Competencia de Gimnasia /Club Italo Venezolano /Copa de Gimnasia Club Italo/Centro Italo Venezolano /2014-07-04/Centro Italo Venezolano/Viernes 2pm/BASICA (COPA INTERNA)/MANOS LIBRES/CIV/DSC02383.JPG", 
        "estado": "Creado", 
        "comentario": ""
    }
},
{
    "pk": 149, 
    "model": "productos.productoeventopedido", 
    "fields": {
        "cantidad": 1, 
        "producto": 10, 
        "num_pedido": 342014140451662072, 
        "ruta": "/home/fotomov/Imagenes/fotomov_imagenes/eventos/2014/Fotomov Deporte/Competencia de Gimnasia /Club Italo Venezolano /Copa de Gimnasia Club Italo/Centro Italo Venezolano /2014-07-04/Centro Italo Venezolano/Viernes 2pm/BASICA (COPA INTERNA)/MANOS LIBRES/CIV/DSC02532.JPG", 
        "estado": "Creado", 
        "comentario": ""
    }
},
{
    "pk": 150, 
    "model": "productos.productoeventopedido", 
    "fields": {
        "cantidad": 1, 
        "producto": 11, 
        "num_pedido": 342014140451656584, 
        "ruta": "/home/fotomov/Imagenes/fotomov_imagenes/eventos/2014/Fotomov Deporte/Competencia de Gimnasia /Club Italo Venezolano /Copa de Gimnasia Club Italo/Centro Italo Venezolano /2014-07-04/Centro Italo Venezolano/Viernes 2pm/BASICA (COPA INTERNA)/MANOS LIBRES/CIV/DSC02386.JPG", 
        "estado": "Creado", 
        "comentario": ""
    }
},
{
    "pk": 155, 
    "model": "productos.productoeventopedido", 
    "fields": {
        "cantidad": 1, 
        "producto": 11, 
        "num_pedido": 342014140451656584, 
        "ruta": "/home/fotomov/Imagenes/fotomov_imagenes/eventos/2014/Fotomov Deporte/Competencia de Gimnasia /Club Italo Venezolano /Copa de Gimnasia Club Italo/Centro Italo Venezolano /2014-07-04/Centro Italo Venezolano/Viernes 2pm/BASICA (COPA INTERNA)/RIEL/CIV/IMG_6229.JPG", 
        "estado": "Creado", 
        "comentario": ""
    }
},
{
    "pk": 156, 
    "model": "productos.productoeventopedido", 
    "fields": {
        "cantidad": 1, 
        "producto": 11, 
        "num_pedido": 342014140451656584, 
        "ruta": "/home/fotomov/Imagenes/fotomov_imagenes/eventos/2014/Fotomov Deporte/Competencia de Gimnasia /Club Italo Venezolano /Copa de Gimnasia Club Italo/Centro Italo Venezolano /2014-07-04/Centro Italo Venezolano/Viernes 2pm/BASICA (COPA INTERNA)/RIEL/CIV/IMG_6214.JPG", 
        "estado": "Creado", 
        "comentario": ""
    }
},
{
    "pk": 157, 
    "model": "productos.productoeventopedido", 
    "fields": {
        "cantidad": 1, 
        "producto": 11, 
        "num_pedido": 342014140451656584, 
        "ruta": "/home/fotomov/Imagenes/fotomov_imagenes/eventos/2014/Fotomov Deporte/Competencia de Gimnasia /Club Italo Venezolano /Copa de Gimnasia Club Italo/Centro Italo Venezolano /2014-07-04/Centro Italo Venezolano/Viernes 2pm/BASICA (COPA INTERNA)/RIEL/CIV/IMG_6233.JPG", 
        "estado": "Creado", 
        "comentario": ""
    }
},
{
    "pk": 159, 
    "model": "productos.productoeventopedido", 
    "fields": {
        "cantidad": 1, 
        "producto": 11, 
        "num_pedido": 342014140451656584, 
        "ruta": "/home/fotomov/Imagenes/fotomov_imagenes/eventos/2014/Fotomov Deporte/Competencia de Gimnasia /Club Italo Venezolano /Copa de Gimnasia Club Italo/Centro Italo Venezolano /2014-07-04/Centro Italo Venezolano/Viernes 2pm/BASICA (COPA INTERNA)/SALTO/CIV/DSC_1444.JPG", 
        "estado": "Creado", 
        "comentario": ""
    }
},
{
    "pk": 160, 
    "model": "productos.productoeventopedido", 
    "fields": {
        "cantidad": 1, 
        "producto": 11, 
        "num_pedido": 342014140451656584, 
        "ruta": "/home/fotomov/Imagenes/fotomov_imagenes/eventos/2014/Fotomov Deporte/Competencia de Gimnasia /Club Italo Venezolano /Copa de Gimnasia Club Italo/Centro Italo Venezolano /2014-07-04/Centro Italo Venezolano/Viernes 2pm/BASICA (COPA INTERNA)/SALTO/CIV/DSC_1436.JPG", 
        "estado": "Creado", 
        "comentario": ""
    }
},
{
    "pk": 161, 
    "model": "productos.productoeventopedido", 
    "fields": {
        "cantidad": 1, 
        "producto": 11, 
        "num_pedido": 342014140451656584, 
        "ruta": "/home/fotomov/Imagenes/fotomov_imagenes/eventos/2014/Fotomov Deporte/Competencia de Gimnasia /Club Italo Venezolano /Copa de Gimnasia Club Italo/Centro Italo Venezolano /2014-07-04/Centro Italo Venezolano/Viernes 2pm/BASICA (COPA INTERNA)/SALTO/CIV/DSC_1432.JPG", 
        "estado": "Creado", 
        "comentario": ""
    }
},
{
    "pk": 163, 
    "model": "productos.productoeventopedido", 
    "fields": {
        "cantidad": 1, 
        "producto": 10, 
        "num_pedido": 342014140451662072, 
        "ruta": "/home/fotomov/Imagenes/fotomov_imagenes/eventos/2014/Fotomov Deporte/Competencia de Gimnasia /Club Italo Venezolano /Copa de Gimnasia Club Italo/Centro Italo Venezolano /2014-07-04/Centro Italo Venezolano/Viernes 2pm/BASICA (COPA INTERNA)/SALTO/CIV/DSC_1108.JPG", 
        "estado": "Creado", 
        "comentario": ""
    }
},
{
    "pk": 164, 
    "model": "productos.productoeventopedido", 
    "fields": {
        "cantidad": 1, 
        "producto": 10, 
        "num_pedido": 342014140451662072, 
        "ruta": "/home/fotomov/Imagenes/fotomov_imagenes/eventos/2014/Fotomov Deporte/Competencia de Gimnasia /Club Italo Venezolano /Copa de Gimnasia Club Italo/Centro Italo Venezolano /2014-07-04/Centro Italo Venezolano/Viernes 2pm/BASICA (COPA INTERNA)/PREMIACIONES/DSC02620.JPG", 
        "estado": "Creado", 
        "comentario": ""
    }
},
{
    "pk": 165, 
    "model": "productos.productoeventopedido", 
    "fields": {
        "cantidad": 1, 
        "producto": 10, 
        "num_pedido": 342014140451662072, 
        "ruta": "/home/fotomov/Imagenes/fotomov_imagenes/eventos/2014/Fotomov Deporte/Competencia de Gimnasia /Club Italo Venezolano /Copa de Gimnasia Club Italo/Centro Italo Venezolano /2014-07-04/Centro Italo Venezolano/Viernes 2pm/BASICA (COPA INTERNA)/PREMIACIONES/DSC02570.JPG", 
        "estado": "Creado", 
        "comentario": ""
    }
},
{
    "pk": 166, 
    "model": "productos.productoeventopedido", 
    "fields": {
        "cantidad": 1, 
        "producto": 10, 
        "num_pedido": 342014140451662072, 
        "ruta": "/home/fotomov/Imagenes/fotomov_imagenes/eventos/2014/Fotomov Deporte/Competencia de Gimnasia /Club Italo Venezolano /Copa de Gimnasia Club Italo/Centro Italo Venezolano /2014-07-04/Centro Italo Venezolano/Viernes 2pm/BASICA (COPA INTERNA)/PREMIACIONES/DSC02624.JPG", 
        "estado": "Creado", 
        "comentario": ""
    }
},
{
    "pk": 167, 
    "model": "productos.productoeventopedido", 
    "fields": {
        "cantidad": 1, 
        "producto": 10, 
        "num_pedido": 342014140451662072, 
        "ruta": "/home/fotomov/Imagenes/fotomov_imagenes/eventos/2014/Fotomov Deporte/Competencia de Gimnasia /Club Italo Venezolano /Copa de Gimnasia Club Italo/Centro Italo Venezolano /2014-07-04/Centro Italo Venezolano/Viernes 2pm/BASICA (COPA INTERNA)/PREMIACIONES/DSC02613.JPG", 
        "estado": "Creado", 
        "comentario": ""
    }
},
{
    "pk": 1, 
    "model": "productos.tipoenvio", 
    "fields": {
        "req_dir": false, 
        "precio": "0", 
        "tipo": "Fotomov", 
        "direccion": "Av Casiquiare, Calle Casiquiare, Qta Vidal"
    }
},
{
    "pk": 2, 
    "model": "productos.tipoenvio", 
    "fields": {
        "req_dir": true, 
        "precio": "150", 
        "tipo": "MRW", 
        "direccion": "N/A"
    }
},
{
    "pk": 3, 
    "model": "productos.tipoenvio", 
    "fields": {
        "req_dir": false, 
        "precio": "0", 
        "tipo": "Academia ", 
        "direccion": "Urb. San Luis, C.C San Luis,  Caracas, Estado Miranda, Venezuela"
    }
},
{
    "pk": 6, 
    "model": "productos.pedido", 
    "fields": {
        "evento": 2, 
        "total": 700.0, 
        "direccion_entrega": "", 
        "descuento": "0", 
        "codigo": null, 
        "fecha": "2014-06-30", 
        "razon_social": "IA 17 C.A", 
        "factura": false, 
        "comentario": "Na", 
        "num_pedido": 222014140396875495, 
        "fue_pagado": true, 
        "tlf_fiscal": "02123153179", 
        "fecha_entrega": "2014-07-12", 
        "envio": 1, 
        "id_fiscal": "J317021886", 
        "direccion_fiscal": "Av Francisco de Miranda, edificio 407, piso 1 oficina 1-7, Los Cortijos", 
        "estado": "Edicion", 
        "cliente": 3, 
        "lote": 1
    }
},
{
    "pk": 7, 
    "model": "productos.pedido", 
    "fields": {
        "evento": 2, 
        "total": 700.0, 
        "direccion_entrega": "", 
        "descuento": "0", 
        "codigo": null, 
        "fecha": "2014-06-30", 
        "razon_social": "IrmaHernandez", 
        "factura": false, 
        "comentario": "N A", 
        "num_pedido": 222014140398111071, 
        "fue_pagado": true, 
        "tlf_fiscal": "04162038558", 
        "fecha_entrega": "2014-07-12", 
        "envio": 1, 
        "id_fiscal": "9304357", 
        "direccion_fiscal": "Caracas", 
        "estado": "Edicion", 
        "cliente": 4, 
        "lote": 1
    }
},
{
    "pk": 8, 
    "model": "productos.pedido", 
    "fields": {
        "evento": 2, 
        "total": 2490.0, 
        "direccion_entrega": "Av sur 3 residencias maliayo Torres A apt 4B los naranjos el cafetal ", 
        "descuento": "0", 
        "codigo": null, 
        "fecha": "2014-06-30", 
        "razon_social": "ClaudiaOrtega", 
        "factura": false, 
        "comentario": "N a", 
        "num_pedido": 22201414039829079, 
        "fue_pagado": true, 
        "tlf_fiscal": "04241507712", 
        "fecha_entrega": "2014-07-12", 
        "envio": 2, 
        "id_fiscal": "12210009", 
        "direccion_fiscal": "Caracas", 
        "estado": "Edicion", 
        "cliente": 5, 
        "lote": 1
    }
},
{
    "pk": 9, 
    "model": "productos.pedido", 
    "fields": {
        "evento": 2, 
        "total": 850.0, 
        "direccion_entrega": "Prados del este calle la Mesa qta sabaneta, Caracas ", 
        "descuento": "0", 
        "codigo": null, 
        "fecha": "2014-06-30", 
        "razon_social": "MonicaGraterol", 
        "factura": false, 
        "comentario": "N a", 
        "num_pedido": 222014140398525307, 
        "fue_pagado": true, 
        "tlf_fiscal": "04241044369", 
        "fecha_entrega": "2014-07-12", 
        "envio": 2, 
        "id_fiscal": "12421005", 
        "direccion_fiscal": "Italo Caracas ", 
        "estado": "Edicion", 
        "cliente": 7, 
        "lote": 1
    }
},
{
    "pk": 10, 
    "model": "productos.pedido", 
    "fields": {
        "evento": 2, 
        "total": 700.0, 
        "direccion_entrega": "", 
        "descuento": "0", 
        "codigo": null, 
        "fecha": "2014-06-30", 
        "razon_social": "Giulia Di cola", 
        "factura": false, 
        "comentario": "N a", 
        "num_pedido": 222014140398677292, 
        "fue_pagado": true, 
        "tlf_fiscal": "04149204012", 
        "fecha_entrega": "2014-07-12", 
        "envio": 1, 
        "id_fiscal": "9954360", 
        "direccion_fiscal": "Caracas", 
        "estado": "Edicion", 
        "cliente": 6, 
        "lote": 1
    }
},
{
    "pk": 11, 
    "model": "productos.pedido", 
    "fields": {
        "evento": 2, 
        "total": 600.0, 
        "direccion_entrega": "", 
        "descuento": "0", 
        "codigo": null, 
        "fecha": "2014-06-30", 
        "razon_social": "Maria Di bello", 
        "factura": false, 
        "comentario": "Va a cancelar en el italo", 
        "num_pedido": 222014140398871586, 
        "fue_pagado": true, 
        "tlf_fiscal": "04126271884", 
        "fecha_entrega": "2014-07-12", 
        "envio": 1, 
        "id_fiscal": "8773012", 
        "direccion_fiscal": "Caracas", 
        "estado": "Edicion", 
        "cliente": 8, 
        "lote": 1
    }
},
{
    "pk": 12, 
    "model": "productos.pedido", 
    "fields": {
        "evento": 2, 
        "total": null, 
        "direccion_entrega": null, 
        "descuento": "0", 
        "codigo": null, 
        "fecha": "2014-06-28", 
        "razon_social": null, 
        "factura": false, 
        "comentario": null, 
        "num_pedido": 222014140399015981, 
        "fue_pagado": false, 
        "tlf_fiscal": null, 
        "fecha_entrega": null, 
        "envio": null, 
        "id_fiscal": null, 
        "direccion_fiscal": null, 
        "estado": "Creado", 
        "cliente": null, 
        "lote": null
    }
},
{
    "pk": 13, 
    "model": "productos.pedido", 
    "fields": {
        "evento": 2, 
        "total": null, 
        "direccion_entrega": null, 
        "descuento": "0", 
        "codigo": null, 
        "fecha": "2014-06-28", 
        "razon_social": null, 
        "factura": false, 
        "comentario": null, 
        "num_pedido": 222014140399113525, 
        "fue_pagado": false, 
        "tlf_fiscal": null, 
        "fecha_entrega": null, 
        "envio": null, 
        "id_fiscal": null, 
        "direccion_fiscal": null, 
        "estado": "Creado", 
        "cliente": null, 
        "lote": null
    }
},
{
    "pk": 14, 
    "model": "productos.pedido", 
    "fields": {
        "evento": 2, 
        "total": null, 
        "direccion_entrega": null, 
        "descuento": "0", 
        "codigo": null, 
        "fecha": "2014-06-28", 
        "razon_social": null, 
        "factura": false, 
        "comentario": null, 
        "num_pedido": 222014140399229908, 
        "fue_pagado": false, 
        "tlf_fiscal": null, 
        "fecha_entrega": null, 
        "envio": null, 
        "id_fiscal": null, 
        "direccion_fiscal": null, 
        "estado": "Creado", 
        "cliente": null, 
        "lote": null
    }
},
{
    "pk": 15, 
    "model": "productos.pedido", 
    "fields": {
        "evento": 2, 
        "total": null, 
        "direccion_entrega": null, 
        "descuento": "0", 
        "codigo": null, 
        "fecha": "2014-06-28", 
        "razon_social": null, 
        "factura": false, 
        "comentario": null, 
        "num_pedido": 222014140399229986, 
        "fue_pagado": false, 
        "tlf_fiscal": null, 
        "fecha_entrega": null, 
        "envio": null, 
        "id_fiscal": null, 
        "direccion_fiscal": null, 
        "estado": "Creado", 
        "cliente": null, 
        "lote": null
    }
},
{
    "pk": 16, 
    "model": "productos.pedido", 
    "fields": {
        "evento": 2, 
        "total": 180.0, 
        "direccion_entrega": "", 
        "descuento": "0", 
        "codigo": null, 
        "fecha": "2014-06-30", 
        "razon_social": "LisetteGarcia ", 
        "factura": false, 
        "comentario": "An", 
        "num_pedido": 222014140399236551, 
        "fue_pagado": true, 
        "tlf_fiscal": "04143068520", 
        "fecha_entrega": "2014-07-12", 
        "envio": 1, 
        "id_fiscal": "11674806", 
        "direccion_fiscal": "Caracas", 
        "estado": "Edicion", 
        "cliente": 9, 
        "lote": 1
    }
},
{
    "pk": 17, 
    "model": "productos.pedido", 
    "fields": {
        "evento": 2, 
        "total": 2550.0, 
        "direccion_entrega": "Final av.luis roche, con 9na transversal calle Bambu , residencias altar vista apto 3a rub.  Altamira \r\n", 
        "descuento": "0", 
        "codigo": null, 
        "fecha": "2014-06-30", 
        "razon_social": "MariaFernandez", 
        "factura": false, 
        "comentario": "An", 
        "num_pedido": 222014140399261101, 
        "fue_pagado": true, 
        "tlf_fiscal": "2642610", 
        "fecha_entrega": "2014-07-12", 
        "envio": 2, 
        "id_fiscal": "5969211", 
        "direccion_fiscal": "Caracas ", 
        "estado": "Edicion", 
        "cliente": 10, 
        "lote": 1
    }
},
{
    "pk": 18, 
    "model": "productos.pedido", 
    "fields": {
        "evento": 2, 
        "total": null, 
        "direccion_entrega": null, 
        "descuento": "0", 
        "codigo": null, 
        "fecha": "2014-06-28", 
        "razon_social": null, 
        "factura": false, 
        "comentario": null, 
        "num_pedido": 222014140399364072, 
        "fue_pagado": false, 
        "tlf_fiscal": null, 
        "fecha_entrega": null, 
        "envio": null, 
        "id_fiscal": null, 
        "direccion_fiscal": null, 
        "estado": "Creado", 
        "cliente": null, 
        "lote": null
    }
},
{
    "pk": 19, 
    "model": "productos.pedido", 
    "fields": {
        "evento": 2, 
        "total": null, 
        "direccion_entrega": null, 
        "descuento": "0", 
        "codigo": null, 
        "fecha": "2014-06-28", 
        "razon_social": null, 
        "factura": false, 
        "comentario": null, 
        "num_pedido": 222014140399454478, 
        "fue_pagado": false, 
        "tlf_fiscal": null, 
        "fecha_entrega": null, 
        "envio": null, 
        "id_fiscal": null, 
        "direccion_fiscal": null, 
        "estado": "Creado", 
        "cliente": null, 
        "lote": null
    }
},
{
    "pk": 20, 
    "model": "productos.pedido", 
    "fields": {
        "evento": 3, 
        "total": 1030.0, 
        "direccion_entrega": "", 
        "descuento": "0", 
        "codigo": null, 
        "fecha": "2014-07-04", 
        "razon_social": "Alejandra Opalinski", 
        "factura": false, 
        "comentario": "nada", 
        "num_pedido": 342014140450215636, 
        "fue_pagado": true, 
        "tlf_fiscal": "123", 
        "fecha_entrega": "2014-07-28", 
        "envio": 1, 
        "id_fiscal": "19583310", 
        "direccion_fiscal": "Carcas", 
        "estado": "Creado", 
        "cliente": 2, 
        "lote": null
    }
},
{
    "pk": 21, 
    "model": "productos.pedido", 
    "fields": {
        "evento": 3, 
        "total": 0.0, 
        "direccion_entrega": "", 
        "descuento": "0", 
        "codigo": null, 
        "fecha": "2014-07-07", 
        "razon_social": "TEST TEST", 
        "factura": false, 
        "comentario": "TEST TEST", 
        "num_pedido": 342014140450215908, 
        "fue_pagado": true, 
        "tlf_fiscal": "02129413031", 
        "fecha_entrega": "2014-07-12", 
        "envio": 1, 
        "id_fiscal": "V-18700266-0", 
        "direccion_fiscal": "TEST TEST", 
        "estado": "Creado", 
        "cliente": 15, 
        "lote": null
    }
},
{
    "pk": 22, 
    "model": "productos.pedido", 
    "fields": {
        "evento": 3, 
        "total": null, 
        "direccion_entrega": null, 
        "descuento": "0", 
        "codigo": null, 
        "fecha": "2014-07-04", 
        "razon_social": null, 
        "factura": false, 
        "comentario": null, 
        "num_pedido": 342014140450254612, 
        "fue_pagado": false, 
        "tlf_fiscal": null, 
        "fecha_entrega": null, 
        "envio": null, 
        "id_fiscal": null, 
        "direccion_fiscal": null, 
        "estado": "Creado", 
        "cliente": null, 
        "lote": null
    }
},
{
    "pk": 23, 
    "model": "productos.pedido", 
    "fields": {
        "evento": 3, 
        "total": null, 
        "direccion_entrega": null, 
        "descuento": "0", 
        "codigo": null, 
        "fecha": "2014-07-04", 
        "razon_social": null, 
        "factura": false, 
        "comentario": null, 
        "num_pedido": 342014140450681888, 
        "fue_pagado": false, 
        "tlf_fiscal": null, 
        "fecha_entrega": null, 
        "envio": null, 
        "id_fiscal": null, 
        "direccion_fiscal": null, 
        "estado": "Creado", 
        "cliente": null, 
        "lote": null
    }
},
{
    "pk": 24, 
    "model": "productos.pedido", 
    "fields": {
        "evento": 3, 
        "total": 580.0, 
        "direccion_entrega": "", 
        "descuento": "0", 
        "codigo": null, 
        "fecha": "2014-07-04", 
        "razon_social": "raquelvieira", 
        "factura": false, 
        "comentario": "", 
        "num_pedido": 342014140450861495, 
        "fue_pagado": true, 
        "tlf_fiscal": "04243840097", 
        "fecha_entrega": "2014-07-28", 
        "envio": 1, 
        "id_fiscal": "19066116", 
        "direccion_fiscal": "Na", 
        "estado": "Creado", 
        "cliente": 11, 
        "lote": null
    }
},
{
    "pk": 25, 
    "model": "productos.pedido", 
    "fields": {
        "evento": 3, 
        "total": null, 
        "direccion_entrega": null, 
        "descuento": "0", 
        "codigo": null, 
        "fecha": "2014-07-04", 
        "razon_social": null, 
        "factura": false, 
        "comentario": null, 
        "num_pedido": 342014140450943626, 
        "fue_pagado": false, 
        "tlf_fiscal": null, 
        "fecha_entrega": null, 
        "envio": null, 
        "id_fiscal": null, 
        "direccion_fiscal": null, 
        "estado": "Creado", 
        "cliente": null, 
        "lote": null
    }
},
{
    "pk": 26, 
    "model": "productos.pedido", 
    "fields": {
        "evento": 3, 
        "total": null, 
        "direccion_entrega": null, 
        "descuento": "0", 
        "codigo": null, 
        "fecha": "2014-07-04", 
        "razon_social": null, 
        "factura": false, 
        "comentario": null, 
        "num_pedido": 342014140450959257, 
        "fue_pagado": false, 
        "tlf_fiscal": null, 
        "fecha_entrega": null, 
        "envio": null, 
        "id_fiscal": null, 
        "direccion_fiscal": null, 
        "estado": "Creado", 
        "cliente": null, 
        "lote": null
    }
},
{
    "pk": 27, 
    "model": "productos.pedido", 
    "fields": {
        "evento": 3, 
        "total": null, 
        "direccion_entrega": null, 
        "descuento": "0", 
        "codigo": null, 
        "fecha": "2014-07-04", 
        "razon_social": null, 
        "factura": false, 
        "comentario": null, 
        "num_pedido": 342014140451101508, 
        "fue_pagado": false, 
        "tlf_fiscal": null, 
        "fecha_entrega": null, 
        "envio": null, 
        "id_fiscal": null, 
        "direccion_fiscal": null, 
        "estado": "Creado", 
        "cliente": null, 
        "lote": null
    }
},
{
    "pk": 28, 
    "model": "productos.pedido", 
    "fields": {
        "evento": 3, 
        "total": 0.0, 
        "direccion_entrega": "", 
        "descuento": "0", 
        "codigo": null, 
        "fecha": "2014-07-07", 
        "razon_social": "TESTTEST", 
        "factura": false, 
        "comentario": "TEST", 
        "num_pedido": 34201414045115572, 
        "fue_pagado": true, 
        "tlf_fiscal": "04149999999", 
        "fecha_entrega": "2014-07-12", 
        "envio": 1, 
        "id_fiscal": "8790871612", 
        "direccion_fiscal": "TEST TEST TEST", 
        "estado": "Creado", 
        "cliente": 17, 
        "lote": null
    }
},
{
    "pk": 29, 
    "model": "productos.pedido", 
    "fields": {
        "evento": 3, 
        "total": 860.0, 
        "direccion_entrega": "", 
        "descuento": "0", 
        "codigo": null, 
        "fecha": "2014-07-04", 
        "razon_social": "isabella paul", 
        "factura": false, 
        "comentario": "", 
        "num_pedido": 34201414045117256, 
        "fue_pagado": true, 
        "tlf_fiscal": "04142359800", 
        "fecha_entrega": "2014-07-28", 
        "envio": 1, 
        "id_fiscal": "10334169", 
        "direccion_fiscal": "Sqn roman", 
        "estado": "Creado", 
        "cliente": 12, 
        "lote": null
    }
},
{
    "pk": 30, 
    "model": "productos.pedido", 
    "fields": {
        "evento": 3, 
        "total": null, 
        "direccion_entrega": null, 
        "descuento": "0", 
        "codigo": null, 
        "fecha": "2014-07-04", 
        "razon_social": null, 
        "factura": false, 
        "comentario": null, 
        "num_pedido": 342014140451203236, 
        "fue_pagado": false, 
        "tlf_fiscal": null, 
        "fecha_entrega": null, 
        "envio": null, 
        "id_fiscal": null, 
        "direccion_fiscal": null, 
        "estado": "Creado", 
        "cliente": null, 
        "lote": null
    }
},
{
    "pk": 31, 
    "model": "productos.pedido", 
    "fields": {
        "evento": 3, 
        "total": 0.0, 
        "direccion_entrega": "", 
        "descuento": "0", 
        "codigo": null, 
        "fecha": "2014-07-07", 
        "razon_social": "TESTTEST", 
        "factura": false, 
        "comentario": "TEST", 
        "num_pedido": 342014140451325807, 
        "fue_pagado": true, 
        "tlf_fiscal": "04149999999", 
        "fecha_entrega": "2014-07-12", 
        "envio": 1, 
        "id_fiscal": "V-18700266-0", 
        "direccion_fiscal": "TEST TEST TEST TEST", 
        "estado": "Creado", 
        "cliente": 15, 
        "lote": null
    }
},
{
    "pk": 32, 
    "model": "productos.pedido", 
    "fields": {
        "evento": 3, 
        "total": null, 
        "direccion_entrega": null, 
        "descuento": "0", 
        "codigo": null, 
        "fecha": "2014-07-04", 
        "razon_social": null, 
        "factura": false, 
        "comentario": null, 
        "num_pedido": 342014140451333485, 
        "fue_pagado": false, 
        "tlf_fiscal": null, 
        "fecha_entrega": null, 
        "envio": null, 
        "id_fiscal": null, 
        "direccion_fiscal": null, 
        "estado": "Creado", 
        "cliente": null, 
        "lote": null
    }
},
{
    "pk": 33, 
    "model": "productos.pedido", 
    "fields": {
        "evento": 3, 
        "total": 360.0, 
        "direccion_entrega": "", 
        "descuento": "0", 
        "codigo": null, 
        "fecha": "2014-07-04", 
        "razon_social": "yaneidide freitas", 
        "factura": false, 
        "comentario": "", 
        "num_pedido": 342014140451343257, 
        "fue_pagado": true, 
        "tlf_fiscal": "04120103560", 
        "fecha_entrega": "2014-07-28", 
        "envio": 1, 
        "id_fiscal": "10814653", 
        "direccion_fiscal": "Na", 
        "estado": "Creado", 
        "cliente": 13, 
        "lote": null
    }
},
{
    "pk": 34, 
    "model": "productos.pedido", 
    "fields": {
        "evento": 3, 
        "total": null, 
        "direccion_entrega": null, 
        "descuento": "0", 
        "codigo": null, 
        "fecha": "2014-07-04", 
        "razon_social": null, 
        "factura": false, 
        "comentario": null, 
        "num_pedido": 342014140451428911, 
        "fue_pagado": false, 
        "tlf_fiscal": null, 
        "fecha_entrega": null, 
        "envio": null, 
        "id_fiscal": null, 
        "direccion_fiscal": null, 
        "estado": "Creado", 
        "cliente": null, 
        "lote": null
    }
},
{
    "pk": 35, 
    "model": "productos.pedido", 
    "fields": {
        "evento": 3, 
        "total": 900.0, 
        "direccion_entrega": "", 
        "descuento": "0", 
        "codigo": null, 
        "fecha": "2014-07-04", 
        "razon_social": "lourdes  centeno", 
        "factura": false, 
        "comentario": "", 
        "num_pedido": 342014140451537934, 
        "fue_pagado": true, 
        "tlf_fiscal": "04142747845", 
        "fecha_entrega": "2014-07-28", 
        "envio": 1, 
        "id_fiscal": "11630009", 
        "direccion_fiscal": "Na", 
        "estado": "Creado", 
        "cliente": 14, 
        "lote": null
    }
},
{
    "pk": 36, 
    "model": "productos.pedido", 
    "fields": {
        "evento": 3, 
        "total": null, 
        "direccion_entrega": null, 
        "descuento": "0", 
        "codigo": null, 
        "fecha": "2014-07-04", 
        "razon_social": null, 
        "factura": false, 
        "comentario": null, 
        "num_pedido": 342014140451619165, 
        "fue_pagado": false, 
        "tlf_fiscal": null, 
        "fecha_entrega": null, 
        "envio": null, 
        "id_fiscal": null, 
        "direccion_fiscal": null, 
        "estado": "Creado", 
        "cliente": null, 
        "lote": null
    }
},
{
    "pk": 37, 
    "model": "productos.pedido", 
    "fields": {
        "evento": 3, 
        "total": null, 
        "direccion_entrega": null, 
        "descuento": "0", 
        "codigo": null, 
        "fecha": "2014-07-04", 
        "razon_social": null, 
        "factura": false, 
        "comentario": null, 
        "num_pedido": 342014140451638684, 
        "fue_pagado": false, 
        "tlf_fiscal": null, 
        "fecha_entrega": null, 
        "envio": null, 
        "id_fiscal": null, 
        "direccion_fiscal": null, 
        "estado": "Creado", 
        "cliente": null, 
        "lote": null
    }
},
{
    "pk": 38, 
    "model": "productos.pedido", 
    "fields": {
        "evento": 3, 
        "total": null, 
        "direccion_entrega": null, 
        "descuento": "0", 
        "codigo": null, 
        "fecha": "2014-07-04", 
        "razon_social": null, 
        "factura": false, 
        "comentario": null, 
        "num_pedido": 342014140451656584, 
        "fue_pagado": false, 
        "tlf_fiscal": null, 
        "fecha_entrega": null, 
        "envio": null, 
        "id_fiscal": null, 
        "direccion_fiscal": null, 
        "estado": "Creado", 
        "cliente": null, 
        "lote": null
    }
},
{
    "pk": 39, 
    "model": "productos.pedido", 
    "fields": {
        "evento": 3, 
        "total": null, 
        "direccion_entrega": null, 
        "descuento": "0", 
        "codigo": null, 
        "fecha": "2014-07-04", 
        "razon_social": null, 
        "factura": false, 
        "comentario": null, 
        "num_pedido": 342014140451662072, 
        "fue_pagado": false, 
        "tlf_fiscal": null, 
        "fecha_entrega": null, 
        "envio": null, 
        "id_fiscal": null, 
        "direccion_fiscal": null, 
        "estado": "Creado", 
        "cliente": null, 
        "lote": null
    }
},
{
    "pk": 40, 
    "model": "productos.pedido", 
    "fields": {
        "evento": 3, 
        "total": null, 
        "direccion_entrega": null, 
        "descuento": "0", 
        "codigo": null, 
        "fecha": "2014-07-04", 
        "razon_social": null, 
        "factura": false, 
        "comentario": null, 
        "num_pedido": 342014140451672135, 
        "fue_pagado": false, 
        "tlf_fiscal": null, 
        "fecha_entrega": null, 
        "envio": null, 
        "id_fiscal": null, 
        "direccion_fiscal": null, 
        "estado": "Creado", 
        "cliente": null, 
        "lote": null
    }
},
{
    "pk": 41, 
    "model": "productos.pedido", 
    "fields": {
        "evento": 3, 
        "total": null, 
        "direccion_entrega": null, 
        "descuento": "0", 
        "codigo": null, 
        "fecha": "2014-07-04", 
        "razon_social": null, 
        "factura": false, 
        "comentario": null, 
        "num_pedido": 342014140451757913, 
        "fue_pagado": false, 
        "tlf_fiscal": null, 
        "fecha_entrega": null, 
        "envio": null, 
        "id_fiscal": null, 
        "direccion_fiscal": null, 
        "estado": "Creado", 
        "cliente": null, 
        "lote": null
    }
},
{
    "pk": 42, 
    "model": "productos.pedido", 
    "fields": {
        "evento": 5, 
        "total": null, 
        "direccion_entrega": null, 
        "descuento": "0", 
        "codigo": null, 
        "fecha": "2014-07-07", 
        "razon_social": null, 
        "factura": false, 
        "comentario": null, 
        "num_pedido": 562014140474757544, 
        "fue_pagado": false, 
        "tlf_fiscal": null, 
        "fecha_entrega": null, 
        "envio": null, 
        "id_fiscal": null, 
        "direccion_fiscal": null, 
        "estado": "Creado", 
        "cliente": null, 
        "lote": null
    }
},
{
    "pk": 43, 
    "model": "productos.pedido", 
    "fields": {
        "evento": 5, 
        "total": null, 
        "direccion_entrega": null, 
        "descuento": "0", 
        "codigo": null, 
        "fecha": "2014-07-07", 
        "razon_social": null, 
        "factura": false, 
        "comentario": null, 
        "num_pedido": 56201414047475915, 
        "fue_pagado": false, 
        "tlf_fiscal": null, 
        "fecha_entrega": null, 
        "envio": null, 
        "id_fiscal": null, 
        "direccion_fiscal": null, 
        "estado": "Creado", 
        "cliente": null, 
        "lote": null
    }
},
{
    "pk": 44, 
    "model": "productos.pedido", 
    "fields": {
        "evento": 5, 
        "total": null, 
        "direccion_entrega": null, 
        "descuento": "0", 
        "codigo": null, 
        "fecha": "2014-07-07", 
        "razon_social": null, 
        "factura": false, 
        "comentario": null, 
        "num_pedido": 562014140474770069, 
        "fue_pagado": false, 
        "tlf_fiscal": null, 
        "fecha_entrega": null, 
        "envio": null, 
        "id_fiscal": null, 
        "direccion_fiscal": null, 
        "estado": "Creado", 
        "cliente": null, 
        "lote": null
    }
},
{
    "pk": 45, 
    "model": "productos.pedido", 
    "fields": {
        "evento": 5, 
        "total": null, 
        "direccion_entrega": null, 
        "descuento": "0", 
        "codigo": null, 
        "fecha": "2014-07-07", 
        "razon_social": null, 
        "factura": false, 
        "comentario": null, 
        "num_pedido": 562014140474781465, 
        "fue_pagado": false, 
        "tlf_fiscal": null, 
        "fecha_entrega": null, 
        "envio": null, 
        "id_fiscal": null, 
        "direccion_fiscal": null, 
        "estado": "Creado", 
        "cliente": null, 
        "lote": null
    }
},
{
    "pk": 46, 
    "model": "productos.pedido", 
    "fields": {
        "evento": 5, 
        "total": null, 
        "direccion_entrega": null, 
        "descuento": "0", 
        "codigo": null, 
        "fecha": "2014-07-07", 
        "razon_social": null, 
        "factura": false, 
        "comentario": null, 
        "num_pedido": 562014140475293232, 
        "fue_pagado": false, 
        "tlf_fiscal": null, 
        "fecha_entrega": null, 
        "envio": null, 
        "id_fiscal": null, 
        "direccion_fiscal": null, 
        "estado": "Creado", 
        "cliente": null, 
        "lote": null
    }
},
{
    "pk": 47, 
    "model": "productos.pedido", 
    "fields": {
        "evento": 5, 
        "total": null, 
        "direccion_entrega": null, 
        "descuento": "0", 
        "codigo": null, 
        "fecha": "2014-07-07", 
        "razon_social": null, 
        "factura": false, 
        "comentario": null, 
        "num_pedido": 562014140475293797, 
        "fue_pagado": false, 
        "tlf_fiscal": null, 
        "fecha_entrega": null, 
        "envio": null, 
        "id_fiscal": null, 
        "direccion_fiscal": null, 
        "estado": "Creado", 
        "cliente": null, 
        "lote": null
    }
},
{
    "pk": 48, 
    "model": "productos.pedido", 
    "fields": {
        "evento": 5, 
        "total": null, 
        "direccion_entrega": null, 
        "descuento": "0", 
        "codigo": null, 
        "fecha": "2014-07-07", 
        "razon_social": null, 
        "factura": false, 
        "comentario": null, 
        "num_pedido": 56201414047538885, 
        "fue_pagado": false, 
        "tlf_fiscal": null, 
        "fecha_entrega": null, 
        "envio": null, 
        "id_fiscal": null, 
        "direccion_fiscal": null, 
        "estado": "Creado", 
        "cliente": null, 
        "lote": null
    }
},
{
    "pk": 49, 
    "model": "productos.pedido", 
    "fields": {
        "evento": 5, 
        "total": null, 
        "direccion_entrega": null, 
        "descuento": "0", 
        "codigo": null, 
        "fecha": "2014-07-07", 
        "razon_social": null, 
        "factura": false, 
        "comentario": null, 
        "num_pedido": 562014140475534583, 
        "fue_pagado": false, 
        "tlf_fiscal": null, 
        "fecha_entrega": null, 
        "envio": null, 
        "id_fiscal": null, 
        "direccion_fiscal": null, 
        "estado": "Creado", 
        "cliente": null, 
        "lote": null
    }
},
{
    "pk": 50, 
    "model": "productos.pedido", 
    "fields": {
        "evento": 5, 
        "total": 0.0, 
        "direccion_entrega": "", 
        "descuento": "0", 
        "codigo": null, 
        "fecha": "2014-07-07", 
        "razon_social": "Michelle Barbour", 
        "factura": false, 
        "comentario": "", 
        "num_pedido": 562014140475566849, 
        "fue_pagado": true, 
        "tlf_fiscal": "04142598820", 
        "fecha_entrega": "2014-07-16", 
        "envio": 1, 
        "id_fiscal": "19242317", 
        "direccion_fiscal": "La Urbina ", 
        "estado": "Creado", 
        "cliente": 1, 
        "lote": null
    }
},
{
    "pk": 51, 
    "model": "productos.pedido", 
    "fields": {
        "evento": 5, 
        "total": 0.0, 
        "direccion_entrega": "", 
        "descuento": "0", 
        "codigo": null, 
        "fecha": "2014-07-07", 
        "razon_social": "Michelle Barbour", 
        "factura": false, 
        "comentario": "", 
        "num_pedido": 562014140475568886, 
        "fue_pagado": true, 
        "tlf_fiscal": "04142598820", 
        "fecha_entrega": "2014-07-16", 
        "envio": 1, 
        "id_fiscal": "19242317", 
        "direccion_fiscal": "La Urbina ", 
        "estado": "Creado", 
        "cliente": 1, 
        "lote": null
    }
},
{
    "pk": 52, 
    "model": "productos.pedido", 
    "fields": {
        "evento": 5, 
        "total": null, 
        "direccion_entrega": null, 
        "descuento": "0", 
        "codigo": null, 
        "fecha": "2014-07-07", 
        "razon_social": null, 
        "factura": false, 
        "comentario": null, 
        "num_pedido": 562014140475910986, 
        "fue_pagado": false, 
        "tlf_fiscal": null, 
        "fecha_entrega": null, 
        "envio": null, 
        "id_fiscal": null, 
        "direccion_fiscal": null, 
        "estado": "Creado", 
        "cliente": null, 
        "lote": null
    }
},
{
    "pk": 53, 
    "model": "productos.pedido", 
    "fields": {
        "evento": 5, 
        "total": null, 
        "direccion_entrega": null, 
        "descuento": "0", 
        "codigo": null, 
        "fecha": "2014-07-07", 
        "razon_social": null, 
        "factura": false, 
        "comentario": null, 
        "num_pedido": 56201414047640294, 
        "fue_pagado": false, 
        "tlf_fiscal": null, 
        "fecha_entrega": null, 
        "envio": null, 
        "id_fiscal": null, 
        "direccion_fiscal": null, 
        "estado": "Creado", 
        "cliente": null, 
        "lote": null
    }
},
{
    "pk": 54, 
    "model": "productos.pedido", 
    "fields": {
        "evento": 5, 
        "total": null, 
        "direccion_entrega": null, 
        "descuento": "0", 
        "codigo": null, 
        "fecha": "2014-07-07", 
        "razon_social": null, 
        "factura": false, 
        "comentario": null, 
        "num_pedido": 56201414047640572, 
        "fue_pagado": false, 
        "tlf_fiscal": null, 
        "fecha_entrega": null, 
        "envio": null, 
        "id_fiscal": null, 
        "direccion_fiscal": null, 
        "estado": "Creado", 
        "cliente": null, 
        "lote": null
    }
},
{
    "pk": 55, 
    "model": "productos.pedido", 
    "fields": {
        "evento": 5, 
        "total": null, 
        "direccion_entrega": null, 
        "descuento": "0", 
        "codigo": null, 
        "fecha": "2014-07-07", 
        "razon_social": null, 
        "factura": false, 
        "comentario": null, 
        "num_pedido": 562014140476406516, 
        "fue_pagado": false, 
        "tlf_fiscal": null, 
        "fecha_entrega": null, 
        "envio": null, 
        "id_fiscal": null, 
        "direccion_fiscal": null, 
        "estado": "Creado", 
        "cliente": null, 
        "lote": null
    }
},
{
    "pk": 56, 
    "model": "productos.pedido", 
    "fields": {
        "evento": 5, 
        "total": null, 
        "direccion_entrega": null, 
        "descuento": "0", 
        "codigo": null, 
        "fecha": "2014-07-07", 
        "razon_social": null, 
        "factura": false, 
        "comentario": null, 
        "num_pedido": 562014140476425175, 
        "fue_pagado": false, 
        "tlf_fiscal": null, 
        "fecha_entrega": null, 
        "envio": null, 
        "id_fiscal": null, 
        "direccion_fiscal": null, 
        "estado": "Creado", 
        "cliente": null, 
        "lote": null
    }
},
{
    "pk": 57, 
    "model": "productos.pedido", 
    "fields": {
        "evento": 5, 
        "total": null, 
        "direccion_entrega": null, 
        "descuento": "0", 
        "codigo": null, 
        "fecha": "2014-07-07", 
        "razon_social": null, 
        "factura": false, 
        "comentario": null, 
        "num_pedido": 562014140476426011, 
        "fue_pagado": false, 
        "tlf_fiscal": null, 
        "fecha_entrega": null, 
        "envio": null, 
        "id_fiscal": null, 
        "direccion_fiscal": null, 
        "estado": "Creado", 
        "cliente": null, 
        "lote": null
    }
},
{
    "pk": 58, 
    "model": "productos.pedido", 
    "fields": {
        "evento": 5, 
        "total": null, 
        "direccion_entrega": null, 
        "descuento": "0", 
        "codigo": null, 
        "fecha": "2014-07-07", 
        "razon_social": null, 
        "factura": false, 
        "comentario": null, 
        "num_pedido": 562014140476426756, 
        "fue_pagado": false, 
        "tlf_fiscal": null, 
        "fecha_entrega": null, 
        "envio": null, 
        "id_fiscal": null, 
        "direccion_fiscal": null, 
        "estado": "Creado", 
        "cliente": null, 
        "lote": null
    }
},
{
    "pk": 59, 
    "model": "productos.pedido", 
    "fields": {
        "evento": 5, 
        "total": null, 
        "direccion_entrega": null, 
        "descuento": "0", 
        "codigo": null, 
        "fecha": "2014-07-07", 
        "razon_social": null, 
        "factura": false, 
        "comentario": null, 
        "num_pedido": 562014140476505025, 
        "fue_pagado": false, 
        "tlf_fiscal": null, 
        "fecha_entrega": null, 
        "envio": null, 
        "id_fiscal": null, 
        "direccion_fiscal": null, 
        "estado": "Creado", 
        "cliente": null, 
        "lote": null
    }
},
{
    "pk": 60, 
    "model": "productos.pedido", 
    "fields": {
        "evento": 5, 
        "total": 0.0, 
        "direccion_entrega": "", 
        "descuento": "0", 
        "codigo": null, 
        "fecha": "2014-07-07", 
        "razon_social": "test test", 
        "factura": false, 
        "comentario": "TEST", 
        "num_pedido": 56201414047650716, 
        "fue_pagado": true, 
        "tlf_fiscal": "12312313", 
        "fecha_entrega": "2014-07-12", 
        "envio": 1, 
        "id_fiscal": "666", 
        "direccion_fiscal": "testetes", 
        "estado": "Creado", 
        "cliente": 18, 
        "lote": null
    }
},
{
    "pk": 61, 
    "model": "productos.pedido", 
    "fields": {
        "evento": 5, 
        "total": null, 
        "direccion_entrega": null, 
        "descuento": "0", 
        "codigo": null, 
        "fecha": "2014-07-07", 
        "razon_social": null, 
        "factura": false, 
        "comentario": null, 
        "num_pedido": 562014140476514769, 
        "fue_pagado": false, 
        "tlf_fiscal": null, 
        "fecha_entrega": null, 
        "envio": null, 
        "id_fiscal": null, 
        "direccion_fiscal": null, 
        "estado": "Creado", 
        "cliente": null, 
        "lote": null
    }
},
{
    "pk": 62, 
    "model": "productos.pedido", 
    "fields": {
        "evento": 5, 
        "total": 0.0, 
        "direccion_entrega": "", 
        "descuento": "0", 
        "codigo": null, 
        "fecha": "2014-07-07", 
        "razon_social": "test test", 
        "factura": false, 
        "comentario": "test", 
        "num_pedido": 562014140477151432, 
        "fue_pagado": true, 
        "tlf_fiscal": "12312313", 
        "fecha_entrega": "2014-07-12", 
        "envio": 1, 
        "id_fiscal": "666", 
        "direccion_fiscal": "testetes", 
        "estado": "Creado", 
        "cliente": 18, 
        "lote": null
    }
},
{
    "pk": 63, 
    "model": "productos.pedido", 
    "fields": {
        "evento": 1, 
        "total": null, 
        "direccion_entrega": null, 
        "descuento": "0", 
        "codigo": null, 
        "fecha": "2014-07-08", 
        "razon_social": null, 
        "factura": false, 
        "comentario": null, 
        "num_pedido": 11201414048302100, 
        "fue_pagado": false, 
        "tlf_fiscal": null, 
        "fecha_entrega": null, 
        "envio": null, 
        "id_fiscal": null, 
        "direccion_fiscal": null, 
        "estado": "Creado", 
        "cliente": null, 
        "lote": null
    }
},
{
    "pk": 1, 
    "model": "productos.pedidopago", 
    "fields": {
        "monto": 336.0, 
        "referencia": "Dad ", 
        "tipo_pago": 2, 
        "num_pedido": 222014140396015442
    }
},
{
    "pk": 2, 
    "model": "productos.pedidopago", 
    "fields": {
        "monto": 784.0, 
        "referencia": "7768", 
        "tipo_pago": 2, 
        "num_pedido": 222014140396875495
    }
},
{
    "pk": 3, 
    "model": "productos.pedidopago", 
    "fields": {
        "monto": 784.0, 
        "referencia": "6636", 
        "tipo_pago": 2, 
        "num_pedido": 222014140398111071
    }
},
{
    "pk": 4, 
    "model": "productos.pedidopago", 
    "fields": {
        "monto": 2788.8, 
        "referencia": "0", 
        "tipo_pago": 5, 
        "num_pedido": 22201414039829079
    }
},
{
    "pk": 5, 
    "model": "productos.pedidopago", 
    "fields": {
        "monto": 784.0, 
        "referencia": "0", 
        "tipo_pago": 4, 
        "num_pedido": 222014140398677292
    }
},
{
    "pk": 6, 
    "model": "productos.pedidopago", 
    "fields": {
        "monto": 952.0, 
        "referencia": "Bod", 
        "tipo_pago": 4, 
        "num_pedido": 222014140398525307
    }
},
{
    "pk": 7, 
    "model": "productos.pedidopago", 
    "fields": {
        "monto": 672.0, 
        "referencia": "0", 
        "tipo_pago": 5, 
        "num_pedido": 222014140398871586
    }
},
{
    "pk": 8, 
    "model": "productos.pedidopago", 
    "fields": {
        "monto": 201.6, 
        "referencia": "Na", 
        "tipo_pago": 1, 
        "num_pedido": 222014140399236551
    }
},
{
    "pk": 9, 
    "model": "productos.pedidopago", 
    "fields": {
        "monto": 2856.0, 
        "referencia": "An ", 
        "tipo_pago": 5, 
        "num_pedido": 222014140399261101
    }
},
{
    "pk": 10, 
    "model": "productos.pedidopago", 
    "fields": {
        "monto": 1153.6, 
        "referencia": "na", 
        "tipo_pago": 1, 
        "num_pedido": 342014140450215636
    }
},
{
    "pk": 11, 
    "model": "productos.pedidopago", 
    "fields": {
        "monto": 649.6, 
        "referencia": "plaza", 
        "tipo_pago": 3, 
        "num_pedido": 342014140450861495
    }
},
{
    "pk": 12, 
    "model": "productos.pedidopago", 
    "fields": {
        "monto": 963.2, 
        "referencia": "mercantil", 
        "tipo_pago": 2, 
        "num_pedido": 34201414045117256
    }
},
{
    "pk": 13, 
    "model": "productos.pedidopago", 
    "fields": {
        "monto": 403.2, 
        "referencia": "xs", 
        "tipo_pago": 1, 
        "num_pedido": 342014140451343257
    }
},
{
    "pk": 14, 
    "model": "productos.pedidopago", 
    "fields": {
        "monto": 1008.0, 
        "referencia": "vzlno de credito", 
        "tipo_pago": 3, 
        "num_pedido": 342014140451537934
    }
},
{
    "pk": 15, 
    "model": "productos.pedidopago", 
    "fields": {
        "monto": 0.0, 
        "referencia": "na", 
        "tipo_pago": 1, 
        "num_pedido": 562014140475568886
    }
},
{
    "pk": 16, 
    "model": "productos.pedidopago", 
    "fields": {
        "monto": 0.0, 
        "referencia": "na", 
        "tipo_pago": 1, 
        "num_pedido": 562014140475566849
    }
},
{
    "pk": 20, 
    "model": "productos.pedidopago", 
    "fields": {
        "monto": 0.0, 
        "referencia": "NA", 
        "tipo_pago": 1, 
        "num_pedido": 34201414045115572
    }
},
{
    "pk": 21, 
    "model": "productos.pedidopago", 
    "fields": {
        "monto": 0.0, 
        "referencia": "6257635276325763257", 
        "tipo_pago": 3, 
        "num_pedido": 34201414045115572
    }
},
{
    "pk": 22, 
    "model": "productos.pedidopago", 
    "fields": {
        "monto": 0.0, 
        "referencia": "NA", 
        "tipo_pago": 1, 
        "num_pedido": 342014140450215908
    }
},
{
    "pk": 23, 
    "model": "productos.pedidopago", 
    "fields": {
        "monto": 0.0, 
        "referencia": "TEST", 
        "tipo_pago": 1, 
        "num_pedido": 342014140451325807
    }
},
{
    "pk": 24, 
    "model": "productos.pedidopago", 
    "fields": {
        "monto": 0.0, 
        "referencia": "na", 
        "tipo_pago": 1, 
        "num_pedido": 562014140477151432
    }
},
{
    "pk": 25, 
    "model": "productos.pedidopago", 
    "fields": {
        "monto": 0.0, 
        "referencia": "TEST", 
        "tipo_pago": 1, 
        "num_pedido": 56201414047650716
    }
},
{
    "pk": 1, 
    "model": "productos.productoeventocombo", 
    "fields": {
        "producto": 2, 
        "cantidad": 5, 
        "combo": 5
    }
},
{
    "pk": 4, 
    "model": "productos.productoeventocombo", 
    "fields": {
        "producto": 1, 
        "cantidad": 1, 
        "combo": 7
    }
},
{
    "pk": 5, 
    "model": "productos.productoeventocombo", 
    "fields": {
        "producto": 4, 
        "cantidad": 10, 
        "combo": 7
    }
},
{
    "pk": 6, 
    "model": "productos.productoeventocombo", 
    "fields": {
        "producto": 2, 
        "cantidad": 5, 
        "combo": 6
    }
},
{
    "pk": 7, 
    "model": "productos.productoeventocombo", 
    "fields": {
        "producto": 3, 
        "cantidad": 5, 
        "combo": 6
    }
},
{
    "pk": 8, 
    "model": "productos.productoeventocombo", 
    "fields": {
        "producto": 8, 
        "cantidad": 1, 
        "combo": 12
    }
},
{
    "pk": 9, 
    "model": "productos.productoeventocombo", 
    "fields": {
        "producto": 11, 
        "cantidad": 10, 
        "combo": 12
    }
},
{
    "pk": 10, 
    "model": "productos.productoeventocombo", 
    "fields": {
        "producto": 9, 
        "cantidad": 5, 
        "combo": 13
    }
},
{
    "pk": 11, 
    "model": "productos.productoeventocombo", 
    "fields": {
        "producto": 10, 
        "cantidad": 5, 
        "combo": 13
    }
},
{
    "pk": 12, 
    "model": "productos.productoeventocombo", 
    "fields": {
        "producto": 9, 
        "cantidad": 5, 
        "combo": 14
    }
},
{
    "pk": 13, 
    "model": "productos.productoeventocombo", 
    "fields": {
        "producto": 16, 
        "cantidad": 5, 
        "combo": 25
    }
},
{
    "pk": 14, 
    "model": "productos.productoeventocombo", 
    "fields": {
        "producto": 16, 
        "cantidad": 5, 
        "combo": 26
    }
},
{
    "pk": 15, 
    "model": "productos.productoeventocombo", 
    "fields": {
        "producto": 17, 
        "cantidad": 5, 
        "combo": 26
    }
},
{
    "pk": 1, 
    "model": "modulo_movil.direccionfuncion", 
    "fields": {
        "dir": "Fotomov Deporte/Competencia de Gimnasia /Colegio Claret/Competencia de Gimnasia /Colegio Claret/2014-06-28/Colegio Claret/8 am ", 
        "funcion": 2
    }
},
{
    "pk": 2, 
    "model": "modulo_movil.direccionfuncion", 
    "fields": {
        "dir": "Fotomov Deporte/Competencia de Gimnasia /Colegio Claret/Competencia de Gimnasia /Colegio Claret/2014-06-29/Colegio Claret/8 am ", 
        "funcion": 3
    }
},
{
    "pk": 3, 
    "model": "modulo_movil.direccionfuncion", 
    "fields": {
        "dir": "Fotomov Deporte/Competencia de Gimnasia /Club Italo Venezolano /Copa de Gimnasia Club Italo/Centro Italo Venezolano /2014-07-04/Centro Italo Venezolano/Viernes 2pm", 
        "funcion": 4
    }
},
{
    "pk": 4, 
    "model": "modulo_movil.direccionfuncion", 
    "fields": {
        "dir": "Fotomov Deporte/Competencia de Gimnasia /Club Italo Venezolano /Copa de Gimnasia Club Italo/Centro Italo Venezolano /2014-07-05/Centro Italo Venezolano/Sabado 8am", 
        "funcion": 5
    }
},
{
    "pk": 5, 
    "model": "modulo_movil.direccionfuncion", 
    "fields": {
        "dir": "Fotomov Deporte/Competencia de Gimnasia /Club Italo Venezolano /Copa de Gimnasia Club Italo/Centro Italo Venezolano /2014-07-06/Centro Italo Venezolano/Domingo 8am", 
        "funcion": 6
    }
},
{
    "pk": 6, 
    "model": "modulo_movil.direccionfuncion", 
    "fields": {
        "dir": "Fotomov Arte/Academias de Baile/Pentagrama/Mitos y Leyendas/San Luis /2014-07-05/Teatro Santa Rosa de Lima/Sab. 11 am", 
        "funcion": 7
    }
},
{
    "pk": 7, 
    "model": "modulo_movil.direccionfuncion", 
    "fields": {
        "dir": "Fotomov Arte/Academias de Baile/Pentagrama/Mitos y Leyendas/San Luis /2014-07-05/Teatro Santa Rosa de Lima/Sab. 4 pm", 
        "funcion": 8
    }
},
{
    "pk": 8, 
    "model": "modulo_movil.direccionfuncion", 
    "fields": {
        "dir": "Fotomov Arte/Academias de Baile/Pentagrama/Mitos y Leyendas/San Luis /2014-07-06/Teatro Santa Rosa de Lima/Dom. 11 am", 
        "funcion": 9
    }
},
{
    "pk": 9, 
    "model": "modulo_movil.direccionfuncion", 
    "fields": {
        "dir": "Fotomov Arte/Academias de Baile/Pentagrama/Mitos y Leyendas/San Luis /2014-07-06/Teatro Santa Rosa de Lima/Dom. 4 pm", 
        "funcion": 10
    }
},
{
    "pk": 10, 
    "model": "modulo_movil.direccionfuncion", 
    "fields": {
        "dir": "Fotomov Arte/Academias de Baile/Pentagrama/Mitos y Leyendas/San Luis /2014-07-08/Indoor/3pm-7pm", 
        "funcion": 11
    }
},
{
    "pk": 11, 
    "model": "modulo_movil.direccionfuncion", 
    "fields": {
        "dir": "Fotomov Arte/Academias de Baile/Pentagrama/Mitos y Leyendas/San Luis /2014-07-09/Indoor/3pm - 7pm", 
        "funcion": 12
    }
},
{
    "pk": 12, 
    "model": "modulo_movil.direccionfuncion", 
    "fields": {
        "dir": "Fotomov Arte/Academias de Baile/Pentagrama/Mitos y Leyendas/San Luis /2014-07-10/Indoor/3-7pm ", 
        "funcion": 13
    }
},
{
    "pk": 13, 
    "model": "modulo_movil.direccionfuncion", 
    "fields": {
        "dir": "Fotomov Arte/Academias de Baile/Pentagrama/Turpial/San Luis /2014-07-07/San Luis, academia  Pentagrama/Pruebas", 
        "funcion": 14
    }
},
{
    "pk": 14, 
    "model": "modulo_movil.direccionfuncion", 
    "fields": {
        "dir": "Fotomov Arte/Academias de Baile/Nathaly Dancing Jazz/El sueno continua /El Paraiso/2014-07-09/El Paraiso, Nathaly Dancing Jazz/Miercoles 3 ", 
        "funcion": 15
    }
},
{
    "pk": 15, 
    "model": "modulo_movil.direccionfuncion", 
    "fields": {
        "dir": "Fotomov Arte/Academias de Baile/Nathaly Dancing Jazz/El sueno continua /El Paraiso/2014-07-10/El Paraiso, Nathaly Dancing Jazz/Jueves 3 ", 
        "funcion": 16
    }
},
{
    "pk": 16, 
    "model": "modulo_movil.direccionfuncion", 
    "fields": {
        "dir": "Fotomov Arte/Academias de Baile/Nathaly Dancing Jazz/El sueno continua /El Paraiso/2014-07-08/Hermandad Gallega/10am", 
        "funcion": 17
    }
},
{
    "pk": 17, 
    "model": "modulo_movil.direccionfuncion", 
    "fields": {
        "dir": "Fotomov Arte/Academias de Baile/Nathaly Dancing Jazz/El sueno continua /El Paraiso/2014-07-08/Hermandad Gallega/3pm ", 
        "funcion": 18
    }
},
{
    "pk": 18, 
    "model": "modulo_movil.direccionfuncion", 
    "fields": {
        "dir": "Fotomov Arte/Academias de Baile/Nathaly Dancing Jazz/El sueno continua /El Paraiso/2014-07-19/Indoor/9 am - 1pm ", 
        "funcion": 19
    }
},
{
    "pk": 1, 
    "model": "modulo_movil.configuracion", 
    "fields": {
        "nombre": "iva", 
        "valor": "12"
    }
},
{
    "pk": 1, 
    "model": "modulo_movil.configuracionempresa", 
    "fields": {
        "nombre": "pagina", 
        "valor": "www.fotomov.com"
    }
},
{
    "pk": 2, 
    "model": "modulo_movil.configuracionempresa", 
    "fields": {
        "nombre": "tlf", 
        "valor": "02127518390"
    }
},
{
    "pk": 3, 
    "model": "modulo_movil.configuracionempresa", 
    "fields": {
        "nombre": "celular", 
        "valor": "04242863221"
    }
},
{
    "pk": 4, 
    "model": "modulo_movil.configuracionempresa", 
    "fields": {
        "nombre": "email", 
        "valor": "logistica@fotomov.com"
    }
},
{
    "pk": 1, 
    "model": "auth.permission", 
    "fields": {
        "codename": "add_permission", 
        "name": "Can add permission", 
        "content_type": [
            "auth", 
            "permission"
        ]
    }
},
{
    "pk": 2, 
    "model": "auth.permission", 
    "fields": {
        "codename": "change_permission", 
        "name": "Can change permission", 
        "content_type": [
            "auth", 
            "permission"
        ]
    }
},
{
    "pk": 3, 
    "model": "auth.permission", 
    "fields": {
        "codename": "delete_permission", 
        "name": "Can delete permission", 
        "content_type": [
            "auth", 
            "permission"
        ]
    }
},
{
    "pk": 4, 
    "model": "auth.permission", 
    "fields": {
        "codename": "add_group", 
        "name": "Can add group", 
        "content_type": [
            "auth", 
            "group"
        ]
    }
},
{
    "pk": 5, 
    "model": "auth.permission", 
    "fields": {
        "codename": "change_group", 
        "name": "Can change group", 
        "content_type": [
            "auth", 
            "group"
        ]
    }
},
{
    "pk": 6, 
    "model": "auth.permission", 
    "fields": {
        "codename": "delete_group", 
        "name": "Can delete group", 
        "content_type": [
            "auth", 
            "group"
        ]
    }
},
{
    "pk": 7, 
    "model": "auth.permission", 
    "fields": {
        "codename": "add_user", 
        "name": "Can add user", 
        "content_type": [
            "auth", 
            "user"
        ]
    }
},
{
    "pk": 8, 
    "model": "auth.permission", 
    "fields": {
        "codename": "change_user", 
        "name": "Can change user", 
        "content_type": [
            "auth", 
            "user"
        ]
    }
},
{
    "pk": 9, 
    "model": "auth.permission", 
    "fields": {
        "codename": "delete_user", 
        "name": "Can delete user", 
        "content_type": [
            "auth", 
            "user"
        ]
    }
},
{
    "pk": 10, 
    "model": "auth.permission", 
    "fields": {
        "codename": "add_contenttype", 
        "name": "Can add content type", 
        "content_type": [
            "contenttypes", 
            "contenttype"
        ]
    }
},
{
    "pk": 11, 
    "model": "auth.permission", 
    "fields": {
        "codename": "change_contenttype", 
        "name": "Can change content type", 
        "content_type": [
            "contenttypes", 
            "contenttype"
        ]
    }
},
{
    "pk": 12, 
    "model": "auth.permission", 
    "fields": {
        "codename": "delete_contenttype", 
        "name": "Can delete content type", 
        "content_type": [
            "contenttypes", 
            "contenttype"
        ]
    }
},
{
    "pk": 13, 
    "model": "auth.permission", 
    "fields": {
        "codename": "add_session", 
        "name": "Can add session", 
        "content_type": [
            "sessions", 
            "session"
        ]
    }
},
{
    "pk": 14, 
    "model": "auth.permission", 
    "fields": {
        "codename": "change_session", 
        "name": "Can change session", 
        "content_type": [
            "sessions", 
            "session"
        ]
    }
},
{
    "pk": 15, 
    "model": "auth.permission", 
    "fields": {
        "codename": "delete_session", 
        "name": "Can delete session", 
        "content_type": [
            "sessions", 
            "session"
        ]
    }
},
{
    "pk": 16, 
    "model": "auth.permission", 
    "fields": {
        "codename": "add_site", 
        "name": "Can add site", 
        "content_type": [
            "sites", 
            "site"
        ]
    }
},
{
    "pk": 17, 
    "model": "auth.permission", 
    "fields": {
        "codename": "change_site", 
        "name": "Can change site", 
        "content_type": [
            "sites", 
            "site"
        ]
    }
},
{
    "pk": 18, 
    "model": "auth.permission", 
    "fields": {
        "codename": "delete_site", 
        "name": "Can delete site", 
        "content_type": [
            "sites", 
            "site"
        ]
    }
},
{
    "pk": 19, 
    "model": "auth.permission", 
    "fields": {
        "codename": "add_logentry", 
        "name": "Can add log entry", 
        "content_type": [
            "admin", 
            "logentry"
        ]
    }
},
{
    "pk": 20, 
    "model": "auth.permission", 
    "fields": {
        "codename": "change_logentry", 
        "name": "Can change log entry", 
        "content_type": [
            "admin", 
            "logentry"
        ]
    }
},
{
    "pk": 21, 
    "model": "auth.permission", 
    "fields": {
        "codename": "delete_logentry", 
        "name": "Can delete log entry", 
        "content_type": [
            "admin", 
            "logentry"
        ]
    }
},
{
    "pk": 22, 
    "model": "auth.permission", 
    "fields": {
        "codename": "add_macrocliente", 
        "name": "Can add macro cliente", 
        "content_type": [
            "clientes", 
            "macrocliente"
        ]
    }
},
{
    "pk": 23, 
    "model": "auth.permission", 
    "fields": {
        "codename": "change_macrocliente", 
        "name": "Can change macro cliente", 
        "content_type": [
            "clientes", 
            "macrocliente"
        ]
    }
},
{
    "pk": 24, 
    "model": "auth.permission", 
    "fields": {
        "codename": "delete_macrocliente", 
        "name": "Can delete macro cliente", 
        "content_type": [
            "clientes", 
            "macrocliente"
        ]
    }
},
{
    "pk": 25, 
    "model": "auth.permission", 
    "fields": {
        "codename": "add_encargado", 
        "name": "Can add encargado", 
        "content_type": [
            "clientes", 
            "encargado"
        ]
    }
},
{
    "pk": 26, 
    "model": "auth.permission", 
    "fields": {
        "codename": "change_encargado", 
        "name": "Can change encargado", 
        "content_type": [
            "clientes", 
            "encargado"
        ]
    }
},
{
    "pk": 27, 
    "model": "auth.permission", 
    "fields": {
        "codename": "delete_encargado", 
        "name": "Can delete encargado", 
        "content_type": [
            "clientes", 
            "encargado"
        ]
    }
},
{
    "pk": 28, 
    "model": "auth.permission", 
    "fields": {
        "codename": "add_cliente", 
        "name": "Can add cliente", 
        "content_type": [
            "clientes", 
            "cliente"
        ]
    }
},
{
    "pk": 29, 
    "model": "auth.permission", 
    "fields": {
        "codename": "change_cliente", 
        "name": "Can change cliente", 
        "content_type": [
            "clientes", 
            "cliente"
        ]
    }
},
{
    "pk": 30, 
    "model": "auth.permission", 
    "fields": {
        "codename": "delete_cliente", 
        "name": "Can delete cliente", 
        "content_type": [
            "clientes", 
            "cliente"
        ]
    }
},
{
    "pk": 31, 
    "model": "auth.permission", 
    "fields": {
        "codename": "add_sede", 
        "name": "Can add sede", 
        "content_type": [
            "clientes", 
            "sede"
        ]
    }
},
{
    "pk": 32, 
    "model": "auth.permission", 
    "fields": {
        "codename": "change_sede", 
        "name": "Can change sede", 
        "content_type": [
            "clientes", 
            "sede"
        ]
    }
},
{
    "pk": 33, 
    "model": "auth.permission", 
    "fields": {
        "codename": "delete_sede", 
        "name": "Can delete sede", 
        "content_type": [
            "clientes", 
            "sede"
        ]
    }
},
{
    "pk": 34, 
    "model": "auth.permission", 
    "fields": {
        "codename": "add_tipos_eventos", 
        "name": "Can add tipos_ eventos", 
        "content_type": [
            "evento", 
            "tipos_eventos"
        ]
    }
},
{
    "pk": 35, 
    "model": "auth.permission", 
    "fields": {
        "codename": "change_tipos_eventos", 
        "name": "Can change tipos_ eventos", 
        "content_type": [
            "evento", 
            "tipos_eventos"
        ]
    }
},
{
    "pk": 36, 
    "model": "auth.permission", 
    "fields": {
        "codename": "delete_tipos_eventos", 
        "name": "Can delete tipos_ eventos", 
        "content_type": [
            "evento", 
            "tipos_eventos"
        ]
    }
},
{
    "pk": 37, 
    "model": "auth.permission", 
    "fields": {
        "codename": "add_evento", 
        "name": "Can add evento", 
        "content_type": [
            "evento", 
            "evento"
        ]
    }
},
{
    "pk": 38, 
    "model": "auth.permission", 
    "fields": {
        "codename": "change_evento", 
        "name": "Can change evento", 
        "content_type": [
            "evento", 
            "evento"
        ]
    }
},
{
    "pk": 39, 
    "model": "auth.permission", 
    "fields": {
        "codename": "delete_evento", 
        "name": "Can delete evento", 
        "content_type": [
            "evento", 
            "evento"
        ]
    }
},
{
    "pk": 40, 
    "model": "auth.permission", 
    "fields": {
        "codename": "add_funcion", 
        "name": "Can add funcion", 
        "content_type": [
            "evento", 
            "funcion"
        ]
    }
},
{
    "pk": 41, 
    "model": "auth.permission", 
    "fields": {
        "codename": "change_funcion", 
        "name": "Can change funcion", 
        "content_type": [
            "evento", 
            "funcion"
        ]
    }
},
{
    "pk": 42, 
    "model": "auth.permission", 
    "fields": {
        "codename": "delete_funcion", 
        "name": "Can delete funcion", 
        "content_type": [
            "evento", 
            "funcion"
        ]
    }
},
{
    "pk": 43, 
    "model": "auth.permission", 
    "fields": {
        "codename": "add_gasto", 
        "name": "Can add gasto", 
        "content_type": [
            "evento", 
            "gasto"
        ]
    }
},
{
    "pk": 44, 
    "model": "auth.permission", 
    "fields": {
        "codename": "change_gasto", 
        "name": "Can change gasto", 
        "content_type": [
            "evento", 
            "gasto"
        ]
    }
},
{
    "pk": 45, 
    "model": "auth.permission", 
    "fields": {
        "codename": "delete_gasto", 
        "name": "Can delete gasto", 
        "content_type": [
            "evento", 
            "gasto"
        ]
    }
},
{
    "pk": 46, 
    "model": "auth.permission", 
    "fields": {
        "codename": "add_gastos_funcion", 
        "name": "Can add gastos_ funcion", 
        "content_type": [
            "evento", 
            "gastos_funcion"
        ]
    }
},
{
    "pk": 47, 
    "model": "auth.permission", 
    "fields": {
        "codename": "change_gastos_funcion", 
        "name": "Can change gastos_ funcion", 
        "content_type": [
            "evento", 
            "gastos_funcion"
        ]
    }
},
{
    "pk": 48, 
    "model": "auth.permission", 
    "fields": {
        "codename": "delete_gastos_funcion", 
        "name": "Can delete gastos_ funcion", 
        "content_type": [
            "evento", 
            "gastos_funcion"
        ]
    }
},
{
    "pk": 49, 
    "model": "auth.permission", 
    "fields": {
        "codename": "add_pautas", 
        "name": "Can add pautas", 
        "content_type": [
            "evento", 
            "pautas"
        ]
    }
},
{
    "pk": 50, 
    "model": "auth.permission", 
    "fields": {
        "codename": "change_pautas", 
        "name": "Can change pautas", 
        "content_type": [
            "evento", 
            "pautas"
        ]
    }
},
{
    "pk": 51, 
    "model": "auth.permission", 
    "fields": {
        "codename": "delete_pautas", 
        "name": "Can delete pautas", 
        "content_type": [
            "evento", 
            "pautas"
        ]
    }
},
{
    "pk": 52, 
    "model": "auth.permission", 
    "fields": {
        "codename": "add_bloque", 
        "name": "Can add bloque", 
        "content_type": [
            "evento", 
            "bloque"
        ]
    }
},
{
    "pk": 53, 
    "model": "auth.permission", 
    "fields": {
        "codename": "change_bloque", 
        "name": "Can change bloque", 
        "content_type": [
            "evento", 
            "bloque"
        ]
    }
},
{
    "pk": 54, 
    "model": "auth.permission", 
    "fields": {
        "codename": "delete_bloque", 
        "name": "Can delete bloque", 
        "content_type": [
            "evento", 
            "bloque"
        ]
    }
},
{
    "pk": 55, 
    "model": "auth.permission", 
    "fields": {
        "codename": "add_marca", 
        "name": "Can add marca", 
        "content_type": [
            "marca", 
            "marca"
        ]
    }
},
{
    "pk": 56, 
    "model": "auth.permission", 
    "fields": {
        "codename": "change_marca", 
        "name": "Can change marca", 
        "content_type": [
            "marca", 
            "marca"
        ]
    }
},
{
    "pk": 57, 
    "model": "auth.permission", 
    "fields": {
        "codename": "delete_marca", 
        "name": "Can delete marca", 
        "content_type": [
            "marca", 
            "marca"
        ]
    }
},
{
    "pk": 58, 
    "model": "auth.permission", 
    "fields": {
        "codename": "add_submarca", 
        "name": "Can add sub marca", 
        "content_type": [
            "marca", 
            "submarca"
        ]
    }
},
{
    "pk": 59, 
    "model": "auth.permission", 
    "fields": {
        "codename": "change_submarca", 
        "name": "Can change sub marca", 
        "content_type": [
            "marca", 
            "submarca"
        ]
    }
},
{
    "pk": 60, 
    "model": "auth.permission", 
    "fields": {
        "codename": "delete_submarca", 
        "name": "Can delete sub marca", 
        "content_type": [
            "marca", 
            "submarca"
        ]
    }
},
{
    "pk": 61, 
    "model": "auth.permission", 
    "fields": {
        "codename": "add_privilegios", 
        "name": "Can add privilegios", 
        "content_type": [
            "staff", 
            "privilegios"
        ]
    }
},
{
    "pk": 62, 
    "model": "auth.permission", 
    "fields": {
        "codename": "change_privilegios", 
        "name": "Can change privilegios", 
        "content_type": [
            "staff", 
            "privilegios"
        ]
    }
},
{
    "pk": 63, 
    "model": "auth.permission", 
    "fields": {
        "codename": "delete_privilegios", 
        "name": "Can delete privilegios", 
        "content_type": [
            "staff", 
            "privilegios"
        ]
    }
},
{
    "pk": 64, 
    "model": "auth.permission", 
    "fields": {
        "codename": "add_equipos", 
        "name": "Can add equipos", 
        "content_type": [
            "staff", 
            "equipos"
        ]
    }
},
{
    "pk": 65, 
    "model": "auth.permission", 
    "fields": {
        "codename": "change_equipos", 
        "name": "Can change equipos", 
        "content_type": [
            "staff", 
            "equipos"
        ]
    }
},
{
    "pk": 66, 
    "model": "auth.permission", 
    "fields": {
        "codename": "delete_equipos", 
        "name": "Can delete equipos", 
        "content_type": [
            "staff", 
            "equipos"
        ]
    }
},
{
    "pk": 67, 
    "model": "auth.permission", 
    "fields": {
        "codename": "add_experiencia", 
        "name": "Can add experiencia", 
        "content_type": [
            "staff", 
            "experiencia"
        ]
    }
},
{
    "pk": 68, 
    "model": "auth.permission", 
    "fields": {
        "codename": "change_experiencia", 
        "name": "Can change experiencia", 
        "content_type": [
            "staff", 
            "experiencia"
        ]
    }
},
{
    "pk": 69, 
    "model": "auth.permission", 
    "fields": {
        "codename": "delete_experiencia", 
        "name": "Can delete experiencia", 
        "content_type": [
            "staff", 
            "experiencia"
        ]
    }
},
{
    "pk": 70, 
    "model": "auth.permission", 
    "fields": {
        "codename": "add_datodepago", 
        "name": "Can add dato de pago", 
        "content_type": [
            "staff", 
            "datodepago"
        ]
    }
},
{
    "pk": 71, 
    "model": "auth.permission", 
    "fields": {
        "codename": "change_datodepago", 
        "name": "Can change dato de pago", 
        "content_type": [
            "staff", 
            "datodepago"
        ]
    }
},
{
    "pk": 72, 
    "model": "auth.permission", 
    "fields": {
        "codename": "delete_datodepago", 
        "name": "Can delete dato de pago", 
        "content_type": [
            "staff", 
            "datodepago"
        ]
    }
},
{
    "pk": 73, 
    "model": "auth.permission", 
    "fields": {
        "codename": "add_usuario", 
        "name": "Can add usuario", 
        "content_type": [
            "staff", 
            "usuario"
        ]
    }
},
{
    "pk": 74, 
    "model": "auth.permission", 
    "fields": {
        "codename": "change_usuario", 
        "name": "Can change usuario", 
        "content_type": [
            "staff", 
            "usuario"
        ]
    }
},
{
    "pk": 75, 
    "model": "auth.permission", 
    "fields": {
        "codename": "delete_usuario", 
        "name": "Can delete usuario", 
        "content_type": [
            "staff", 
            "usuario"
        ]
    }
},
{
    "pk": 76, 
    "model": "auth.permission", 
    "fields": {
        "codename": "add_tipostaff", 
        "name": "Can add tipo staff", 
        "content_type": [
            "staff", 
            "tipostaff"
        ]
    }
},
{
    "pk": 77, 
    "model": "auth.permission", 
    "fields": {
        "codename": "change_tipostaff", 
        "name": "Can change tipo staff", 
        "content_type": [
            "staff", 
            "tipostaff"
        ]
    }
},
{
    "pk": 78, 
    "model": "auth.permission", 
    "fields": {
        "codename": "delete_tipostaff", 
        "name": "Can delete tipo staff", 
        "content_type": [
            "staff", 
            "tipostaff"
        ]
    }
},
{
    "pk": 79, 
    "model": "auth.permission", 
    "fields": {
        "codename": "add_staffporfuncion", 
        "name": "Can add staff por funcion", 
        "content_type": [
            "staff", 
            "staffporfuncion"
        ]
    }
},
{
    "pk": 80, 
    "model": "auth.permission", 
    "fields": {
        "codename": "change_staffporfuncion", 
        "name": "Can change staff por funcion", 
        "content_type": [
            "staff", 
            "staffporfuncion"
        ]
    }
},
{
    "pk": 81, 
    "model": "auth.permission", 
    "fields": {
        "codename": "delete_staffporfuncion", 
        "name": "Can delete staff por funcion", 
        "content_type": [
            "staff", 
            "staffporfuncion"
        ]
    }
},
{
    "pk": 82, 
    "model": "auth.permission", 
    "fields": {
        "codename": "add_asistenciastafffuncion", 
        "name": "Can add asistencia staff funcion", 
        "content_type": [
            "staff", 
            "asistenciastafffuncion"
        ]
    }
},
{
    "pk": 83, 
    "model": "auth.permission", 
    "fields": {
        "codename": "change_asistenciastafffuncion", 
        "name": "Can change asistencia staff funcion", 
        "content_type": [
            "staff", 
            "asistenciastafffuncion"
        ]
    }
},
{
    "pk": 84, 
    "model": "auth.permission", 
    "fields": {
        "codename": "delete_asistenciastafffuncion", 
        "name": "Can delete asistencia staff funcion", 
        "content_type": [
            "staff", 
            "asistenciastafffuncion"
        ]
    }
},
{
    "pk": 85, 
    "model": "auth.permission", 
    "fields": {
        "codename": "add_archivoadjunto", 
        "name": "Can add archivo adjunto", 
        "content_type": [
            "staff", 
            "archivoadjunto"
        ]
    }
},
{
    "pk": 86, 
    "model": "auth.permission", 
    "fields": {
        "codename": "change_archivoadjunto", 
        "name": "Can change archivo adjunto", 
        "content_type": [
            "staff", 
            "archivoadjunto"
        ]
    }
},
{
    "pk": 87, 
    "model": "auth.permission", 
    "fields": {
        "codename": "delete_archivoadjunto", 
        "name": "Can delete archivo adjunto", 
        "content_type": [
            "staff", 
            "archivoadjunto"
        ]
    }
},
{
    "pk": 88, 
    "model": "auth.permission", 
    "fields": {
        "codename": "add_direccion", 
        "name": "Can add direccion", 
        "content_type": [
            "direcciones", 
            "direccion"
        ]
    }
},
{
    "pk": 89, 
    "model": "auth.permission", 
    "fields": {
        "codename": "change_direccion", 
        "name": "Can change direccion", 
        "content_type": [
            "direcciones", 
            "direccion"
        ]
    }
},
{
    "pk": 90, 
    "model": "auth.permission", 
    "fields": {
        "codename": "delete_direccion", 
        "name": "Can delete direccion", 
        "content_type": [
            "direcciones", 
            "direccion"
        ]
    }
},
{
    "pk": 91, 
    "model": "auth.permission", 
    "fields": {
        "codename": "add_proveedor", 
        "name": "Can add proveedor", 
        "content_type": [
            "productos", 
            "proveedor"
        ]
    }
},
{
    "pk": 92, 
    "model": "auth.permission", 
    "fields": {
        "codename": "change_proveedor", 
        "name": "Can change proveedor", 
        "content_type": [
            "productos", 
            "proveedor"
        ]
    }
},
{
    "pk": 93, 
    "model": "auth.permission", 
    "fields": {
        "codename": "delete_proveedor", 
        "name": "Can delete proveedor", 
        "content_type": [
            "productos", 
            "proveedor"
        ]
    }
},
{
    "pk": 94, 
    "model": "auth.permission", 
    "fields": {
        "codename": "add_items", 
        "name": "Can add items", 
        "content_type": [
            "productos", 
            "items"
        ]
    }
},
{
    "pk": 95, 
    "model": "auth.permission", 
    "fields": {
        "codename": "change_items", 
        "name": "Can change items", 
        "content_type": [
            "productos", 
            "items"
        ]
    }
},
{
    "pk": 96, 
    "model": "auth.permission", 
    "fields": {
        "codename": "delete_items", 
        "name": "Can delete items", 
        "content_type": [
            "productos", 
            "items"
        ]
    }
},
{
    "pk": 97, 
    "model": "auth.permission", 
    "fields": {
        "codename": "add_itemsprestado", 
        "name": "Can add items prestado", 
        "content_type": [
            "productos", 
            "itemsprestado"
        ]
    }
},
{
    "pk": 98, 
    "model": "auth.permission", 
    "fields": {
        "codename": "change_itemsprestado", 
        "name": "Can change items prestado", 
        "content_type": [
            "productos", 
            "itemsprestado"
        ]
    }
},
{
    "pk": 99, 
    "model": "auth.permission", 
    "fields": {
        "codename": "delete_itemsprestado", 
        "name": "Can delete items prestado", 
        "content_type": [
            "productos", 
            "itemsprestado"
        ]
    }
},
{
    "pk": 100, 
    "model": "auth.permission", 
    "fields": {
        "codename": "add_formadepago", 
        "name": "Can add forma de pago", 
        "content_type": [
            "productos", 
            "formadepago"
        ]
    }
},
{
    "pk": 101, 
    "model": "auth.permission", 
    "fields": {
        "codename": "change_formadepago", 
        "name": "Can change forma de pago", 
        "content_type": [
            "productos", 
            "formadepago"
        ]
    }
},
{
    "pk": 102, 
    "model": "auth.permission", 
    "fields": {
        "codename": "delete_formadepago", 
        "name": "Can delete forma de pago", 
        "content_type": [
            "productos", 
            "formadepago"
        ]
    }
},
{
    "pk": 103, 
    "model": "auth.permission", 
    "fields": {
        "codename": "add_lote", 
        "name": "Can add lote", 
        "content_type": [
            "productos", 
            "lote"
        ]
    }
},
{
    "pk": 104, 
    "model": "auth.permission", 
    "fields": {
        "codename": "change_lote", 
        "name": "Can change lote", 
        "content_type": [
            "productos", 
            "lote"
        ]
    }
},
{
    "pk": 105, 
    "model": "auth.permission", 
    "fields": {
        "codename": "delete_lote", 
        "name": "Can delete lote", 
        "content_type": [
            "productos", 
            "lote"
        ]
    }
},
{
    "pk": 106, 
    "model": "auth.permission", 
    "fields": {
        "codename": "add_producto", 
        "name": "Can add producto", 
        "content_type": [
            "productos", 
            "producto"
        ]
    }
},
{
    "pk": 107, 
    "model": "auth.permission", 
    "fields": {
        "codename": "change_producto", 
        "name": "Can change producto", 
        "content_type": [
            "productos", 
            "producto"
        ]
    }
},
{
    "pk": 108, 
    "model": "auth.permission", 
    "fields": {
        "codename": "delete_producto", 
        "name": "Can delete producto", 
        "content_type": [
            "productos", 
            "producto"
        ]
    }
},
{
    "pk": 109, 
    "model": "auth.permission", 
    "fields": {
        "codename": "add_productoevento", 
        "name": "Can add producto evento", 
        "content_type": [
            "productos", 
            "productoevento"
        ]
    }
},
{
    "pk": 110, 
    "model": "auth.permission", 
    "fields": {
        "codename": "change_productoevento", 
        "name": "Can change producto evento", 
        "content_type": [
            "productos", 
            "productoevento"
        ]
    }
},
{
    "pk": 111, 
    "model": "auth.permission", 
    "fields": {
        "codename": "delete_productoevento", 
        "name": "Can delete producto evento", 
        "content_type": [
            "productos", 
            "productoevento"
        ]
    }
},
{
    "pk": 112, 
    "model": "auth.permission", 
    "fields": {
        "codename": "add_productoimpresion", 
        "name": "Can add producto impresion", 
        "content_type": [
            "productos", 
            "productoimpresion"
        ]
    }
},
{
    "pk": 113, 
    "model": "auth.permission", 
    "fields": {
        "codename": "change_productoimpresion", 
        "name": "Can change producto impresion", 
        "content_type": [
            "productos", 
            "productoimpresion"
        ]
    }
},
{
    "pk": 114, 
    "model": "auth.permission", 
    "fields": {
        "codename": "delete_productoimpresion", 
        "name": "Can delete producto impresion", 
        "content_type": [
            "productos", 
            "productoimpresion"
        ]
    }
},
{
    "pk": 115, 
    "model": "auth.permission", 
    "fields": {
        "codename": "add_productoeventopedido", 
        "name": "Can add producto evento pedido", 
        "content_type": [
            "productos", 
            "productoeventopedido"
        ]
    }
},
{
    "pk": 116, 
    "model": "auth.permission", 
    "fields": {
        "codename": "change_productoeventopedido", 
        "name": "Can change producto evento pedido", 
        "content_type": [
            "productos", 
            "productoeventopedido"
        ]
    }
},
{
    "pk": 117, 
    "model": "auth.permission", 
    "fields": {
        "codename": "delete_productoeventopedido", 
        "name": "Can delete producto evento pedido", 
        "content_type": [
            "productos", 
            "productoeventopedido"
        ]
    }
},
{
    "pk": 118, 
    "model": "auth.permission", 
    "fields": {
        "codename": "add_tipoenvio", 
        "name": "Can add tipo envio", 
        "content_type": [
            "productos", 
            "tipoenvio"
        ]
    }
},
{
    "pk": 119, 
    "model": "auth.permission", 
    "fields": {
        "codename": "change_tipoenvio", 
        "name": "Can change tipo envio", 
        "content_type": [
            "productos", 
            "tipoenvio"
        ]
    }
},
{
    "pk": 120, 
    "model": "auth.permission", 
    "fields": {
        "codename": "delete_tipoenvio", 
        "name": "Can delete tipo envio", 
        "content_type": [
            "productos", 
            "tipoenvio"
        ]
    }
},
{
    "pk": 121, 
    "model": "auth.permission", 
    "fields": {
        "codename": "add_pedido", 
        "name": "Can add pedido", 
        "content_type": [
            "productos", 
            "pedido"
        ]
    }
},
{
    "pk": 122, 
    "model": "auth.permission", 
    "fields": {
        "codename": "change_pedido", 
        "name": "Can change pedido", 
        "content_type": [
            "productos", 
            "pedido"
        ]
    }
},
{
    "pk": 123, 
    "model": "auth.permission", 
    "fields": {
        "codename": "delete_pedido", 
        "name": "Can delete pedido", 
        "content_type": [
            "productos", 
            "pedido"
        ]
    }
},
{
    "pk": 124, 
    "model": "auth.permission", 
    "fields": {
        "codename": "add_pedidopago", 
        "name": "Can add pedido pago", 
        "content_type": [
            "productos", 
            "pedidopago"
        ]
    }
},
{
    "pk": 125, 
    "model": "auth.permission", 
    "fields": {
        "codename": "change_pedidopago", 
        "name": "Can change pedido pago", 
        "content_type": [
            "productos", 
            "pedidopago"
        ]
    }
},
{
    "pk": 126, 
    "model": "auth.permission", 
    "fields": {
        "codename": "delete_pedidopago", 
        "name": "Can delete pedido pago", 
        "content_type": [
            "productos", 
            "pedidopago"
        ]
    }
},
{
    "pk": 127, 
    "model": "auth.permission", 
    "fields": {
        "codename": "add_productoeventocombo", 
        "name": "Can add productoevento combo", 
        "content_type": [
            "productos", 
            "productoeventocombo"
        ]
    }
},
{
    "pk": 128, 
    "model": "auth.permission", 
    "fields": {
        "codename": "change_productoeventocombo", 
        "name": "Can change productoevento combo", 
        "content_type": [
            "productos", 
            "productoeventocombo"
        ]
    }
},
{
    "pk": 129, 
    "model": "auth.permission", 
    "fields": {
        "codename": "delete_productoeventocombo", 
        "name": "Can delete productoevento combo", 
        "content_type": [
            "productos", 
            "productoeventocombo"
        ]
    }
},
{
    "pk": 130, 
    "model": "auth.permission", 
    "fields": {
        "codename": "add_enviopedido", 
        "name": "Can add envio pedido", 
        "content_type": [
            "productos", 
            "enviopedido"
        ]
    }
},
{
    "pk": 131, 
    "model": "auth.permission", 
    "fields": {
        "codename": "change_enviopedido", 
        "name": "Can change envio pedido", 
        "content_type": [
            "productos", 
            "enviopedido"
        ]
    }
},
{
    "pk": 132, 
    "model": "auth.permission", 
    "fields": {
        "codename": "delete_enviopedido", 
        "name": "Can delete envio pedido", 
        "content_type": [
            "productos", 
            "enviopedido"
        ]
    }
},
{
    "pk": 133, 
    "model": "auth.permission", 
    "fields": {
        "codename": "add_direccionfuncion", 
        "name": "Can add direccion funcion", 
        "content_type": [
            "modulo_movil", 
            "direccionfuncion"
        ]
    }
},
{
    "pk": 134, 
    "model": "auth.permission", 
    "fields": {
        "codename": "change_direccionfuncion", 
        "name": "Can change direccion funcion", 
        "content_type": [
            "modulo_movil", 
            "direccionfuncion"
        ]
    }
},
{
    "pk": 135, 
    "model": "auth.permission", 
    "fields": {
        "codename": "delete_direccionfuncion", 
        "name": "Can delete direccion funcion", 
        "content_type": [
            "modulo_movil", 
            "direccionfuncion"
        ]
    }
},
{
    "pk": 136, 
    "model": "auth.permission", 
    "fields": {
        "codename": "add_direcciones_exportacion", 
        "name": "Can add direcciones_exportacion", 
        "content_type": [
            "modulo_movil", 
            "direcciones_exportacion"
        ]
    }
},
{
    "pk": 137, 
    "model": "auth.permission", 
    "fields": {
        "codename": "change_direcciones_exportacion", 
        "name": "Can change direcciones_exportacion", 
        "content_type": [
            "modulo_movil", 
            "direcciones_exportacion"
        ]
    }
},
{
    "pk": 138, 
    "model": "auth.permission", 
    "fields": {
        "codename": "delete_direcciones_exportacion", 
        "name": "Can delete direcciones_exportacion", 
        "content_type": [
            "modulo_movil", 
            "direcciones_exportacion"
        ]
    }
},
{
    "pk": 139, 
    "model": "auth.permission", 
    "fields": {
        "codename": "add_directorio_actual", 
        "name": "Can add directorio_actual", 
        "content_type": [
            "modulo_movil", 
            "directorio_actual"
        ]
    }
},
{
    "pk": 140, 
    "model": "auth.permission", 
    "fields": {
        "codename": "change_directorio_actual", 
        "name": "Can change directorio_actual", 
        "content_type": [
            "modulo_movil", 
            "directorio_actual"
        ]
    }
},
{
    "pk": 141, 
    "model": "auth.permission", 
    "fields": {
        "codename": "delete_directorio_actual", 
        "name": "Can delete directorio_actual", 
        "content_type": [
            "modulo_movil", 
            "directorio_actual"
        ]
    }
},
{
    "pk": 142, 
    "model": "auth.permission", 
    "fields": {
        "codename": "add_cliente_aux", 
        "name": "Can add cliente_aux", 
        "content_type": [
            "modulo_movil", 
            "cliente_aux"
        ]
    }
},
{
    "pk": 143, 
    "model": "auth.permission", 
    "fields": {
        "codename": "change_cliente_aux", 
        "name": "Can change cliente_aux", 
        "content_type": [
            "modulo_movil", 
            "cliente_aux"
        ]
    }
},
{
    "pk": 144, 
    "model": "auth.permission", 
    "fields": {
        "codename": "delete_cliente_aux", 
        "name": "Can delete cliente_aux", 
        "content_type": [
            "modulo_movil", 
            "cliente_aux"
        ]
    }
},
{
    "pk": 145, 
    "model": "auth.permission", 
    "fields": {
        "codename": "add_pedido_aux", 
        "name": "Can add pedido_aux", 
        "content_type": [
            "modulo_movil", 
            "pedido_aux"
        ]
    }
},
{
    "pk": 146, 
    "model": "auth.permission", 
    "fields": {
        "codename": "change_pedido_aux", 
        "name": "Can change pedido_aux", 
        "content_type": [
            "modulo_movil", 
            "pedido_aux"
        ]
    }
},
{
    "pk": 147, 
    "model": "auth.permission", 
    "fields": {
        "codename": "delete_pedido_aux", 
        "name": "Can delete pedido_aux", 
        "content_type": [
            "modulo_movil", 
            "pedido_aux"
        ]
    }
},
{
    "pk": 148, 
    "model": "auth.permission", 
    "fields": {
        "codename": "add_productoeventopedido_aux", 
        "name": "Can add producto evento pedido_aux", 
        "content_type": [
            "modulo_movil", 
            "productoeventopedido_aux"
        ]
    }
},
{
    "pk": 149, 
    "model": "auth.permission", 
    "fields": {
        "codename": "change_productoeventopedido_aux", 
        "name": "Can change producto evento pedido_aux", 
        "content_type": [
            "modulo_movil", 
            "productoeventopedido_aux"
        ]
    }
},
{
    "pk": 150, 
    "model": "auth.permission", 
    "fields": {
        "codename": "delete_productoeventopedido_aux", 
        "name": "Can delete producto evento pedido_aux", 
        "content_type": [
            "modulo_movil", 
            "productoeventopedido_aux"
        ]
    }
},
{
    "pk": 151, 
    "model": "auth.permission", 
    "fields": {
        "codename": "add_pedidopago_aux", 
        "name": "Can add pedido pago_aux", 
        "content_type": [
            "modulo_movil", 
            "pedidopago_aux"
        ]
    }
},
{
    "pk": 152, 
    "model": "auth.permission", 
    "fields": {
        "codename": "change_pedidopago_aux", 
        "name": "Can change pedido pago_aux", 
        "content_type": [
            "modulo_movil", 
            "pedidopago_aux"
        ]
    }
},
{
    "pk": 153, 
    "model": "auth.permission", 
    "fields": {
        "codename": "delete_pedidopago_aux", 
        "name": "Can delete pedido pago_aux", 
        "content_type": [
            "modulo_movil", 
            "pedidopago_aux"
        ]
    }
},
{
    "pk": 154, 
    "model": "auth.permission", 
    "fields": {
        "codename": "add_configuracion", 
        "name": "Can add configuracion", 
        "content_type": [
            "modulo_movil", 
            "configuracion"
        ]
    }
},
{
    "pk": 155, 
    "model": "auth.permission", 
    "fields": {
        "codename": "change_configuracion", 
        "name": "Can change configuracion", 
        "content_type": [
            "modulo_movil", 
            "configuracion"
        ]
    }
},
{
    "pk": 156, 
    "model": "auth.permission", 
    "fields": {
        "codename": "delete_configuracion", 
        "name": "Can delete configuracion", 
        "content_type": [
            "modulo_movil", 
            "configuracion"
        ]
    }
},
{
    "pk": 157, 
    "model": "auth.permission", 
    "fields": {
        "codename": "add_configuracionempresa", 
        "name": "Can add configuracion empresa", 
        "content_type": [
            "modulo_movil", 
            "configuracionempresa"
        ]
    }
},
{
    "pk": 158, 
    "model": "auth.permission", 
    "fields": {
        "codename": "change_configuracionempresa", 
        "name": "Can change configuracion empresa", 
        "content_type": [
            "modulo_movil", 
            "configuracionempresa"
        ]
    }
},
{
    "pk": 159, 
    "model": "auth.permission", 
    "fields": {
        "codename": "delete_configuracionempresa", 
        "name": "Can delete configuracion empresa", 
        "content_type": [
            "modulo_movil", 
            "configuracionempresa"
        ]
    }
},
{
    "pk": 160, 
    "model": "auth.permission", 
    "fields": {
        "codename": "add_tarea", 
        "name": "Can add tarea", 
        "content_type": [
            "tareas", 
            "tarea"
        ]
    }
},
{
    "pk": 161, 
    "model": "auth.permission", 
    "fields": {
        "codename": "change_tarea", 
        "name": "Can change tarea", 
        "content_type": [
            "tareas", 
            "tarea"
        ]
    }
},
{
    "pk": 162, 
    "model": "auth.permission", 
    "fields": {
        "codename": "delete_tarea", 
        "name": "Can delete tarea", 
        "content_type": [
            "tareas", 
            "tarea"
        ]
    }
},
{
    "pk": 163, 
    "model": "auth.permission", 
    "fields": {
        "codename": "add_prela", 
        "name": "Can add prela", 
        "content_type": [
            "tareas", 
            "prela"
        ]
    }
},
{
    "pk": 164, 
    "model": "auth.permission", 
    "fields": {
        "codename": "change_prela", 
        "name": "Can change prela", 
        "content_type": [
            "tareas", 
            "prela"
        ]
    }
},
{
    "pk": 165, 
    "model": "auth.permission", 
    "fields": {
        "codename": "delete_prela", 
        "name": "Can delete prela", 
        "content_type": [
            "tareas", 
            "prela"
        ]
    }
},
{
    "pk": 166, 
    "model": "auth.permission", 
    "fields": {
        "codename": "add_tareatipoevento", 
        "name": "Can add tarea tipo evento", 
        "content_type": [
            "tareas", 
            "tareatipoevento"
        ]
    }
},
{
    "pk": 167, 
    "model": "auth.permission", 
    "fields": {
        "codename": "change_tareatipoevento", 
        "name": "Can change tarea tipo evento", 
        "content_type": [
            "tareas", 
            "tareatipoevento"
        ]
    }
},
{
    "pk": 168, 
    "model": "auth.permission", 
    "fields": {
        "codename": "delete_tareatipoevento", 
        "name": "Can delete tarea tipo evento", 
        "content_type": [
            "tareas", 
            "tareatipoevento"
        ]
    }
},
{
    "pk": 169, 
    "model": "auth.permission", 
    "fields": {
        "codename": "add_prelatareatipoevento", 
        "name": "Can add prela tarea tipo evento", 
        "content_type": [
            "tareas", 
            "prelatareatipoevento"
        ]
    }
},
{
    "pk": 170, 
    "model": "auth.permission", 
    "fields": {
        "codename": "change_prelatareatipoevento", 
        "name": "Can change prela tarea tipo evento", 
        "content_type": [
            "tareas", 
            "prelatareatipoevento"
        ]
    }
},
{
    "pk": 171, 
    "model": "auth.permission", 
    "fields": {
        "codename": "delete_prelatareatipoevento", 
        "name": "Can delete prela tarea tipo evento", 
        "content_type": [
            "tareas", 
            "prelatareatipoevento"
        ]
    }
},
{
    "pk": 172, 
    "model": "auth.permission", 
    "fields": {
        "codename": "add_notificacion", 
        "name": "Can add notificacion", 
        "content_type": [
            "tareas", 
            "notificacion"
        ]
    }
},
{
    "pk": 173, 
    "model": "auth.permission", 
    "fields": {
        "codename": "change_notificacion", 
        "name": "Can change notificacion", 
        "content_type": [
            "tareas", 
            "notificacion"
        ]
    }
},
{
    "pk": 174, 
    "model": "auth.permission", 
    "fields": {
        "codename": "delete_notificacion", 
        "name": "Can delete notificacion", 
        "content_type": [
            "tareas", 
            "notificacion"
        ]
    }
},
{
    "pk": 175, 
    "model": "auth.permission", 
    "fields": {
        "codename": "add_tipodegasto", 
        "name": "Can add tipo de gasto", 
        "content_type": [
            "administracion", 
            "tipodegasto"
        ]
    }
},
{
    "pk": 176, 
    "model": "auth.permission", 
    "fields": {
        "codename": "change_tipodegasto", 
        "name": "Can change tipo de gasto", 
        "content_type": [
            "administracion", 
            "tipodegasto"
        ]
    }
},
{
    "pk": 177, 
    "model": "auth.permission", 
    "fields": {
        "codename": "delete_tipodegasto", 
        "name": "Can delete tipo de gasto", 
        "content_type": [
            "administracion", 
            "tipodegasto"
        ]
    }
},
{
    "pk": 178, 
    "model": "auth.permission", 
    "fields": {
        "codename": "add_gastoadministracion", 
        "name": "Can add gasto administracion", 
        "content_type": [
            "administracion", 
            "gastoadministracion"
        ]
    }
},
{
    "pk": 179, 
    "model": "auth.permission", 
    "fields": {
        "codename": "change_gastoadministracion", 
        "name": "Can change gasto administracion", 
        "content_type": [
            "administracion", 
            "gastoadministracion"
        ]
    }
},
{
    "pk": 180, 
    "model": "auth.permission", 
    "fields": {
        "codename": "delete_gastoadministracion", 
        "name": "Can delete gasto administracion", 
        "content_type": [
            "administracion", 
            "gastoadministracion"
        ]
    }
},
{
    "pk": 181, 
    "model": "auth.permission", 
    "fields": {
        "codename": "add_gastoevento", 
        "name": "Can add gasto evento", 
        "content_type": [
            "administracion", 
            "gastoevento"
        ]
    }
},
{
    "pk": 182, 
    "model": "auth.permission", 
    "fields": {
        "codename": "change_gastoevento", 
        "name": "Can change gasto evento", 
        "content_type": [
            "administracion", 
            "gastoevento"
        ]
    }
},
{
    "pk": 183, 
    "model": "auth.permission", 
    "fields": {
        "codename": "delete_gastoevento", 
        "name": "Can delete gasto evento", 
        "content_type": [
            "administracion", 
            "gastoevento"
        ]
    }
},
{
    "pk": 184, 
    "model": "auth.permission", 
    "fields": {
        "codename": "add_pago", 
        "name": "Can add pago", 
        "content_type": [
            "administracion", 
            "pago"
        ]
    }
},
{
    "pk": 185, 
    "model": "auth.permission", 
    "fields": {
        "codename": "change_pago", 
        "name": "Can change pago", 
        "content_type": [
            "administracion", 
            "pago"
        ]
    }
},
{
    "pk": 186, 
    "model": "auth.permission", 
    "fields": {
        "codename": "delete_pago", 
        "name": "Can delete pago", 
        "content_type": [
            "administracion", 
            "pago"
        ]
    }
},
{
    "pk": 1, 
    "model": "auth.user", 
    "fields": {
        "username": "fotomov", 
        "first_name": "", 
        "last_name": "", 
        "is_active": true, 
        "is_superuser": true, 
        "is_staff": true, 
        "last_login": "2014-07-08T14:29:27.629Z", 
        "groups": [], 
        "user_permissions": [], 
        "password": "pbkdf2_sha256$10000$gjblzvtN6lwu$mkrEnf2pQf2d0bCObBAjNucB8xnhqOkXbFcrcAqquT4=", 
        "email": "", 
        "date_joined": "2014-06-17T21:19:41.936Z"
    }
},
{
    "pk": 2, 
    "model": "auth.user", 
    "fields": {
        "username": "ecuencas", 
        "first_name": "", 
        "last_name": "", 
        "is_active": true, 
        "is_superuser": false, 
        "is_staff": false, 
        "last_login": "2014-07-04T21:16:43.910Z", 
        "groups": [], 
        "user_permissions": [], 
        "password": "pbkdf2_sha256$10000$758FgUgf5hDn$oh7tiy8PUpjWqyNY4xgnWN6PW+NQY/tHtyQjgRa+34Y=", 
        "email": "", 
        "date_joined": "2014-06-28T04:38:15.522Z"
    }
},
{
    "pk": 3, 
    "model": "auth.user", 
    "fields": {
        "username": "gmejias", 
        "first_name": "", 
        "last_name": "", 
        "is_active": true, 
        "is_superuser": false, 
        "is_staff": false, 
        "last_login": "2014-07-04T23:23:04.415Z", 
        "groups": [], 
        "user_permissions": [], 
        "password": "pbkdf2_sha256$10000$k7gIxWprn0HX$9bMRZPJDaGBm40pEiG8l45gwguM5rc+9JWj4CDB9H9I=", 
        "email": "", 
        "date_joined": "2014-06-28T04:38:52.652Z"
    }
},
{
    "pk": 4, 
    "model": "auth.user", 
    "fields": {
        "username": "jmorales", 
        "first_name": "", 
        "last_name": "", 
        "is_active": true, 
        "is_superuser": false, 
        "is_staff": false, 
        "last_login": "2014-07-04T23:31:59.033Z", 
        "groups": [], 
        "user_permissions": [], 
        "password": "pbkdf2_sha256$10000$oZBaYikJ4YQ0$C44tMsFbXim1SE1ddyaMmjoO+Kpqr2hx/Jzj0g4WJVk=", 
        "email": "", 
        "date_joined": "2014-06-28T04:39:19.577Z"
    }
},
{
    "pk": 5, 
    "model": "auth.user", 
    "fields": {
        "username": "aopalinski", 
        "first_name": "", 
        "last_name": "", 
        "is_active": true, 
        "is_superuser": false, 
        "is_staff": false, 
        "last_login": "2014-07-04T22:36:48.518Z", 
        "groups": [], 
        "user_permissions": [], 
        "password": "pbkdf2_sha256$10000$Q7o8fH0LrwdO$pC/64vYu8sMoJvCszMWcRlQGeFoeZlNwFOAVgldM2e0=", 
        "email": "", 
        "date_joined": "2014-06-28T04:39:47.624Z"
    }
},
{
    "pk": 6, 
    "model": "auth.user", 
    "fields": {
        "username": "cafonso", 
        "first_name": "", 
        "last_name": "", 
        "is_active": true, 
        "is_superuser": false, 
        "is_staff": false, 
        "last_login": "2014-07-01T13:54:25.430Z", 
        "groups": [], 
        "user_permissions": [], 
        "password": "pbkdf2_sha256$10000$amJUQ0PXkH5b$NyDp3wAmohzy7bvsdjx8sD4y8FqKc6XZkHoop1DnzU4=", 
        "email": "", 
        "date_joined": "2014-07-01T13:54:25.430Z"
    }
},
{
    "pk": 7, 
    "model": "auth.user", 
    "fields": {
        "username": "mparodi", 
        "first_name": "", 
        "last_name": "", 
        "is_active": true, 
        "is_superuser": false, 
        "is_staff": false, 
        "last_login": "2014-07-01T13:57:27.329Z", 
        "groups": [], 
        "user_permissions": [], 
        "password": "pbkdf2_sha256$10000$uOJwYFKdOMfg$n1LRvQlZUPWoyygR5Zv/Q2O9Yry0oVkQoKsIehpMs4M=", 
        "email": "", 
        "date_joined": "2014-07-01T13:57:27.329Z"
    }
},
{
    "pk": 8, 
    "model": "auth.user", 
    "fields": {
        "username": "aopalinski_Logistica", 
        "first_name": "", 
        "last_name": "", 
        "is_active": true, 
        "is_superuser": false, 
        "is_staff": false, 
        "last_login": "2014-07-04T15:09:11.026Z", 
        "groups": [], 
        "user_permissions": [], 
        "password": "pbkdf2_sha256$10000$DjdkDNmAXbYX$v8HLETRpb0d00uQxk/zkY0XOkYbpMy7x51YqU7HLj4Y=", 
        "email": "", 
        "date_joined": "2014-07-01T13:59:40.936Z"
    }
},
{
    "pk": 9, 
    "model": "auth.user", 
    "fields": {
        "username": "tlovera", 
        "first_name": "", 
        "last_name": "", 
        "is_active": true, 
        "is_superuser": false, 
        "is_staff": false, 
        "last_login": "2014-07-01T16:27:25.172Z", 
        "groups": [], 
        "user_permissions": [], 
        "password": "pbkdf2_sha256$10000$2hwVewARLn35$x5nEKpUlyLS0KIQ5R504G0YLNRbJWOkqmAsnVcsVPq8=", 
        "email": "", 
        "date_joined": "2014-07-01T15:14:07.190Z"
    }
},
{
    "pk": 10, 
    "model": "auth.user", 
    "fields": {
        "username": "lsuarez", 
        "first_name": "", 
        "last_name": "", 
        "is_active": true, 
        "is_superuser": false, 
        "is_staff": false, 
        "last_login": "2014-07-04T16:35:49.493Z", 
        "groups": [], 
        "user_permissions": [], 
        "password": "pbkdf2_sha256$10000$EqCu7As06eEn$6ZLaINj/tGf91o1OXdxl+WYN//PtVhkOLI4TRxqgIBw=", 
        "email": "", 
        "date_joined": "2014-07-01T15:15:59.262Z"
    }
},
{
    "pk": 11, 
    "model": "auth.user", 
    "fields": {
        "username": "rhernandez", 
        "first_name": "", 
        "last_name": "", 
        "is_active": true, 
        "is_superuser": false, 
        "is_staff": false, 
        "last_login": "2014-07-01T16:22:22.076Z", 
        "groups": [], 
        "user_permissions": [], 
        "password": "pbkdf2_sha256$10000$dln2q3kTSu3N$ZSrqsTcCUp4xKuDj6HERyLJrQRnqN9Ivjn2H8QXi55s=", 
        "email": "", 
        "date_joined": "2014-07-01T15:17:03.169Z"
    }
},
{
    "pk": 12, 
    "model": "auth.user", 
    "fields": {
        "username": "marcila", 
        "first_name": "", 
        "last_name": "", 
        "is_active": true, 
        "is_superuser": false, 
        "is_staff": false, 
        "last_login": "2014-07-01T15:28:31.995Z", 
        "groups": [], 
        "user_permissions": [], 
        "password": "pbkdf2_sha256$10000$vWJzTEOri3A0$+Ws0KNuq2kqeM7w6x7O1vITyZYMshXQmZc17EU3g/s0=", 
        "email": "", 
        "date_joined": "2014-07-01T15:28:31.995Z"
    }
},
{
    "pk": 13, 
    "model": "auth.user", 
    "fields": {
        "username": "dsanjines", 
        "first_name": "", 
        "last_name": "", 
        "is_active": true, 
        "is_superuser": false, 
        "is_staff": false, 
        "last_login": "2014-07-04T22:08:35.356Z", 
        "groups": [], 
        "user_permissions": [], 
        "password": "pbkdf2_sha256$10000$TJaZaCmLzEMW$2l34Tsr6XWjdP6mab9RiPfk5AnAnh82owUNMZR8Tbfk=", 
        "email": "", 
        "date_joined": "2014-07-01T15:30:01.084Z"
    }
},
{
    "pk": 14, 
    "model": "auth.user", 
    "fields": {
        "username": "agonzalez", 
        "first_name": "", 
        "last_name": "", 
        "is_active": true, 
        "is_superuser": false, 
        "is_staff": false, 
        "last_login": "2014-07-01T16:30:25.145Z", 
        "groups": [], 
        "user_permissions": [], 
        "password": "pbkdf2_sha256$10000$VyqqBDSKFxcF$0BTYUeWFW0QKrBN9thT0wF55KsTdgV/J7NksqEC6EQE=", 
        "email": "", 
        "date_joined": "2014-07-01T16:30:25.145Z"
    }
},
{
    "pk": 15, 
    "model": "auth.user", 
    "fields": {
        "username": "Criseu_fotografa", 
        "first_name": "", 
        "last_name": "", 
        "is_active": true, 
        "is_superuser": false, 
        "is_staff": false, 
        "last_login": "2014-07-08T14:33:51.464Z", 
        "groups": [], 
        "user_permissions": [], 
        "password": "pbkdf2_sha256$10000$GgaZ7tWebnGT$5GpI/kOHmXEPxi+2e9i59UxmW2Ve34G53vGunip+yng=", 
        "email": "", 
        "date_joined": "2014-07-08T14:33:51.464Z"
    }
},
{
    "pk": 16, 
    "model": "auth.user", 
    "fields": {
        "username": "Criseu_Directora", 
        "first_name": "", 
        "last_name": "", 
        "is_active": true, 
        "is_superuser": false, 
        "is_staff": false, 
        "last_login": "2014-07-08T14:34:46.851Z", 
        "groups": [], 
        "user_permissions": [], 
        "password": "pbkdf2_sha256$10000$VUjdxYNBOcKL$ySTIDndnDn7aeAsb1E0qTzWEZhoymVwT/e3qLi6QVXE=", 
        "email": "", 
        "date_joined": "2014-07-08T14:34:46.851Z"
    }
},
{
    "pk": 1, 
    "model": "admin.logentry", 
    "fields": {
        "action_flag": 1, 
        "action_time": "2014-06-17T21:21:56.676Z", 
        "object_repr": "Administrador", 
        "object_id": "1", 
        "change_message": "", 
        "user": [
            "fotomov"
        ], 
        "content_type": [
            "staff", 
            "privilegios"
        ]
    }
},
{
    "pk": 2, 
    "model": "admin.logentry", 
    "fields": {
        "action_flag": 1, 
        "action_time": "2014-06-17T21:22:02.297Z", 
        "object_repr": "Logistica", 
        "object_id": "2", 
        "change_message": "", 
        "user": [
            "fotomov"
        ], 
        "content_type": [
            "staff", 
            "privilegios"
        ]
    }
},
{
    "pk": 3, 
    "model": "admin.logentry", 
    "fields": {
        "action_flag": 1, 
        "action_time": "2014-06-17T21:22:09.776Z", 
        "object_repr": "Edicion", 
        "object_id": "3", 
        "change_message": "", 
        "user": [
            "fotomov"
        ], 
        "content_type": [
            "staff", 
            "privilegios"
        ]
    }
},
{
    "pk": 4, 
    "model": "admin.logentry", 
    "fields": {
        "action_flag": 1, 
        "action_time": "2014-06-17T21:22:15.125Z", 
        "object_repr": "Comunicacion", 
        "object_id": "4", 
        "change_message": "", 
        "user": [
            "fotomov"
        ], 
        "content_type": [
            "staff", 
            "privilegios"
        ]
    }
},
{
    "pk": 5, 
    "model": "admin.logentry", 
    "fields": {
        "action_flag": 1, 
        "action_time": "2014-06-17T21:22:20.133Z", 
        "object_repr": "Gerencia", 
        "object_id": "5", 
        "change_message": "", 
        "user": [
            "fotomov"
        ], 
        "content_type": [
            "staff", 
            "privilegios"
        ]
    }
},
{
    "pk": 6, 
    "model": "admin.logentry", 
    "fields": {
        "action_flag": 1, 
        "action_time": "2014-06-17T21:22:36.257Z", 
        "object_repr": "Usuario object", 
        "object_id": "1", 
        "change_message": "", 
        "user": [
            "fotomov"
        ], 
        "content_type": [
            "staff", 
            "usuario"
        ]
    }
},
{
    "pk": 7, 
    "model": "admin.logentry", 
    "fields": {
        "action_flag": 1, 
        "action_time": "2014-06-17T21:23:01.804Z", 
        "object_repr": "ConfiguracionEmpresa object", 
        "object_id": "1", 
        "change_message": "", 
        "user": [
            "fotomov"
        ], 
        "content_type": [
            "modulo_movil", 
            "configuracionempresa"
        ]
    }
},
{
    "pk": 8, 
    "model": "admin.logentry", 
    "fields": {
        "action_flag": 1, 
        "action_time": "2014-06-17T21:23:23.314Z", 
        "object_repr": "ConfiguracionEmpresa object", 
        "object_id": "2", 
        "change_message": "", 
        "user": [
            "fotomov"
        ], 
        "content_type": [
            "modulo_movil", 
            "configuracionempresa"
        ]
    }
},
{
    "pk": 9, 
    "model": "admin.logentry", 
    "fields": {
        "action_flag": 1, 
        "action_time": "2014-06-17T21:23:31.050Z", 
        "object_repr": "ConfiguracionEmpresa object", 
        "object_id": "3", 
        "change_message": "", 
        "user": [
            "fotomov"
        ], 
        "content_type": [
            "modulo_movil", 
            "configuracionempresa"
        ]
    }
},
{
    "pk": 10, 
    "model": "admin.logentry", 
    "fields": {
        "action_flag": 2, 
        "action_time": "2014-06-17T21:23:37.912Z", 
        "object_repr": "ConfiguracionEmpresa object", 
        "object_id": "2", 
        "change_message": "Modificado/a valor.", 
        "user": [
            "fotomov"
        ], 
        "content_type": [
            "modulo_movil", 
            "configuracionempresa"
        ]
    }
},
{
    "pk": 11, 
    "model": "admin.logentry", 
    "fields": {
        "action_flag": 1, 
        "action_time": "2014-06-17T21:23:48.196Z", 
        "object_repr": "Configuracion object", 
        "object_id": "1", 
        "change_message": "", 
        "user": [
            "fotomov"
        ], 
        "content_type": [
            "modulo_movil", 
            "configuracion"
        ]
    }
},
{
    "pk": 12, 
    "model": "admin.logentry", 
    "fields": {
        "action_flag": 1, 
        "action_time": "2014-06-28T04:40:21.380Z", 
        "object_repr": "ConfiguracionEmpresa object", 
        "object_id": "4", 
        "change_message": "", 
        "user": [
            "fotomov"
        ], 
        "content_type": [
            "modulo_movil", 
            "configuracionempresa"
        ]
    }
},
{
    "pk": 13, 
    "model": "admin.logentry", 
    "fields": {
        "action_flag": 2, 
        "action_time": "2014-06-30T18:48:23.756Z", 
        "object_repr": "Transferencia", 
        "object_id": "5", 
        "change_message": "Modificado/a pagado.", 
        "user": [
            "fotomov"
        ], 
        "content_type": [
            "productos", 
            "formadepago"
        ]
    }
},
{
    "pk": 14, 
    "model": "admin.logentry", 
    "fields": {
        "action_flag": 2, 
        "action_time": "2014-06-30T18:48:31.697Z", 
        "object_repr": "Transferencia", 
        "object_id": "5", 
        "change_message": "No ha cambiado ning\u00fan campo.", 
        "user": [
            "fotomov"
        ], 
        "content_type": [
            "productos", 
            "formadepago"
        ]
    }
},
{
    "pk": 15, 
    "model": "admin.logentry", 
    "fields": {
        "action_flag": 2, 
        "action_time": "2014-06-30T18:48:35.354Z", 
        "object_repr": "Cheque", 
        "object_id": "4", 
        "change_message": "Modificado/a pagado.", 
        "user": [
            "fotomov"
        ], 
        "content_type": [
            "productos", 
            "formadepago"
        ]
    }
},
{
    "pk": 16, 
    "model": "admin.logentry", 
    "fields": {
        "action_flag": 3, 
        "action_time": "2014-07-07T23:09:59.399Z", 
        "object_repr": "Pedido object", 
        "object_id": "1", 
        "change_message": "", 
        "user": [
            "fotomov"
        ], 
        "content_type": [
            "productos", 
            "pedido"
        ]
    }
},
{
    "pk": 17, 
    "model": "admin.logentry", 
    "fields": {
        "action_flag": 3, 
        "action_time": "2014-07-07T23:10:48.035Z", 
        "object_repr": "Pedido object", 
        "object_id": "3", 
        "change_message": "", 
        "user": [
            "fotomov"
        ], 
        "content_type": [
            "productos", 
            "pedido"
        ]
    }
},
{
    "pk": 18, 
    "model": "admin.logentry", 
    "fields": {
        "action_flag": 3, 
        "action_time": "2014-07-07T23:11:06.555Z", 
        "object_repr": "Pedido object", 
        "object_id": "4", 
        "change_message": "", 
        "user": [
            "fotomov"
        ], 
        "content_type": [
            "productos", 
            "pedido"
        ]
    }
},
{
    "pk": 19, 
    "model": "admin.logentry", 
    "fields": {
        "action_flag": 3, 
        "action_time": "2014-07-07T23:11:17.665Z", 
        "object_repr": "Pedido object", 
        "object_id": "5", 
        "change_message": "", 
        "user": [
            "fotomov"
        ], 
        "content_type": [
            "productos", 
            "pedido"
        ]
    }
},
{
    "pk": 20, 
    "model": "admin.logentry", 
    "fields": {
        "action_flag": 3, 
        "action_time": "2014-07-07T23:12:02.247Z", 
        "object_repr": "Pedido object", 
        "object_id": "2", 
        "change_message": "", 
        "user": [
            "fotomov"
        ], 
        "content_type": [
            "productos", 
            "pedido"
        ]
    }
},
{
    "pk": 1, 
    "model": "staff.usuario", 
    "fields": {
        "telefono_otro": "", 
        "equipos": null, 
        "apellido": "", 
        "usuario": [
            "fotomov"
        ], 
        "twitter": "", 
        "experiencia": null, 
        "telefono_fijo": "", 
        "privilegio": 5, 
        "datos_pago": null, 
        "nombre": "", 
        "email": "", 
        "cedula": "", 
        "telefono_celular": ""
    }
},
{
    "pk": 2, 
    "model": "staff.usuario", 
    "fields": {
        "telefono_otro": null, 
        "equipos": null, 
        "apellido": "Cuencas", 
        "usuario": [
            "ecuencas"
        ], 
        "twitter": null, 
        "experiencia": null, 
        "telefono_fijo": null, 
        "privilegio": 6, 
        "datos_pago": null, 
        "nombre": "Edymar", 
        "email": "actualizar@turpialdev.com", 
        "cedula": "1", 
        "telefono_celular": null
    }
},
{
    "pk": 3, 
    "model": "staff.usuario", 
    "fields": {
        "telefono_otro": null, 
        "equipos": null, 
        "apellido": "Mejias", 
        "usuario": [
            "gmejias"
        ], 
        "twitter": null, 
        "experiencia": null, 
        "telefono_fijo": null, 
        "privilegio": 6, 
        "datos_pago": null, 
        "nombre": "Gressly", 
        "email": "actualizar@turpialdev.com", 
        "cedula": "2", 
        "telefono_celular": null
    }
},
{
    "pk": 4, 
    "model": "staff.usuario", 
    "fields": {
        "telefono_otro": null, 
        "equipos": null, 
        "apellido": "Morales", 
        "usuario": [
            "jmorales"
        ], 
        "twitter": null, 
        "experiencia": null, 
        "telefono_fijo": null, 
        "privilegio": 6, 
        "datos_pago": null, 
        "nombre": "Josune", 
        "email": "actualizar@turpialdev.com", 
        "cedula": "3", 
        "telefono_celular": null
    }
},
{
    "pk": 5, 
    "model": "staff.usuario", 
    "fields": {
        "telefono_otro": null, 
        "equipos": null, 
        "apellido": "Opalinski", 
        "usuario": [
            "aopalinski"
        ], 
        "twitter": null, 
        "experiencia": null, 
        "telefono_fijo": null, 
        "privilegio": 6, 
        "datos_pago": null, 
        "nombre": "Alejandra", 
        "email": "aleopalinski@gmail.com", 
        "cedula": "19583310", 
        "telefono_celular": null
    }
},
{
    "pk": 6, 
    "model": "staff.usuario", 
    "fields": {
        "telefono_otro": null, 
        "equipos": null, 
        "apellido": "Afonso ", 
        "usuario": [
            "cafonso"
        ], 
        "twitter": null, 
        "experiencia": null, 
        "telefono_fijo": null, 
        "privilegio": 3, 
        "datos_pago": null, 
        "nombre": "Carolina", 
        "email": "carolinaafonsogouveia@gmail.com", 
        "cedula": "22538459", 
        "telefono_celular": null
    }
},
{
    "pk": 7, 
    "model": "staff.usuario", 
    "fields": {
        "telefono_otro": null, 
        "equipos": null, 
        "apellido": "Parodi", 
        "usuario": [
            "mparodi"
        ], 
        "twitter": null, 
        "experiencia": null, 
        "telefono_fijo": null, 
        "privilegio": 3, 
        "datos_pago": null, 
        "nombre": "Maria Alejandra ", 
        "email": "marialejandra.parodi@gmail.com", 
        "cedula": "21378983", 
        "telefono_celular": null
    }
},
{
    "pk": 8, 
    "model": "staff.usuario", 
    "fields": {
        "telefono_otro": null, 
        "equipos": null, 
        "apellido": "Opalinski", 
        "usuario": [
            "aopalinski_Logistica"
        ], 
        "twitter": null, 
        "experiencia": null, 
        "telefono_fijo": null, 
        "privilegio": 2, 
        "datos_pago": null, 
        "nombre": "Alejandra", 
        "email": "aleopalinski@gmail.com", 
        "cedula": "19583310", 
        "telefono_celular": null
    }
},
{
    "pk": 9, 
    "model": "staff.usuario", 
    "fields": {
        "telefono_otro": null, 
        "equipos": null, 
        "apellido": "Lovera", 
        "usuario": [
            "tlovera"
        ], 
        "twitter": null, 
        "experiencia": null, 
        "telefono_fijo": null, 
        "privilegio": 7, 
        "datos_pago": null, 
        "nombre": "Tomas", 
        "email": "tomaslovera@gmail.com", 
        "cedula": "18245480", 
        "telefono_celular": null
    }
},
{
    "pk": 10, 
    "model": "staff.usuario", 
    "fields": {
        "telefono_otro": null, 
        "equipos": null, 
        "apellido": "Suarez", 
        "usuario": [
            "lsuarez"
        ], 
        "twitter": null, 
        "experiencia": null, 
        "telefono_fijo": null, 
        "privilegio": 7, 
        "datos_pago": null, 
        "nombre": "Carlos", 
        "email": "luchosuarezr@gmail.com", 
        "cedula": "18810014", 
        "telefono_celular": null
    }
},
{
    "pk": 11, 
    "model": "staff.usuario", 
    "fields": {
        "telefono_otro": null, 
        "equipos": null, 
        "apellido": "Hernandez", 
        "usuario": [
            "rhernandez"
        ], 
        "twitter": null, 
        "experiencia": null, 
        "telefono_fijo": null, 
        "privilegio": 7, 
        "datos_pago": null, 
        "nombre": "Rafael", 
        "email": "rafatenangel@gmail.com", 
        "cedula": "17388633", 
        "telefono_celular": null
    }
},
{
    "pk": 12, 
    "model": "staff.usuario", 
    "fields": {
        "telefono_otro": null, 
        "equipos": null, 
        "apellido": "Arcila", 
        "usuario": [
            "marcila"
        ], 
        "twitter": null, 
        "experiencia": null, 
        "telefono_fijo": null, 
        "privilegio": 6, 
        "datos_pago": null, 
        "nombre": "Mayra", 
        "email": "mayrita_04@hotmail.com", 
        "cedula": "21413642", 
        "telefono_celular": null
    }
},
{
    "pk": 13, 
    "model": "staff.usuario", 
    "fields": {
        "telefono_otro": null, 
        "equipos": null, 
        "apellido": "Sanjines", 
        "usuario": [
            "dsanjines"
        ], 
        "twitter": null, 
        "experiencia": null, 
        "telefono_fijo": null, 
        "privilegio": 6, 
        "datos_pago": null, 
        "nombre": "Diana", 
        "email": "dianasanjines@hotmail.com", 
        "cedula": "23707482", 
        "telefono_celular": null
    }
},
{
    "pk": 14, 
    "model": "staff.usuario", 
    "fields": {
        "telefono_otro": null, 
        "equipos": null, 
        "apellido": "Gonzalez", 
        "usuario": [
            "agonzalez"
        ], 
        "twitter": null, 
        "experiencia": null, 
        "telefono_fijo": null, 
        "privilegio": 7, 
        "datos_pago": null, 
        "nombre": "Anysabel", 
        "email": "aigonve18@gmail.com", 
        "cedula": "18588388", 
        "telefono_celular": null
    }
},
{
    "pk": 15, 
    "model": "staff.usuario", 
    "fields": {
        "telefono_otro": null, 
        "equipos": null, 
        "apellido": "Yepez", 
        "usuario": [
            "Criseu_fotografa"
        ], 
        "twitter": null, 
        "experiencia": null, 
        "telefono_fijo": null, 
        "privilegio": 7, 
        "datos_pago": null, 
        "nombre": "Cristina ", 
        "email": "cristinayepezfaria@gmail.com", 
        "cedula": "123456", 
        "telefono_celular": null
    }
},
{
    "pk": 16, 
    "model": "staff.usuario", 
    "fields": {
        "telefono_otro": null, 
        "equipos": null, 
        "apellido": "Yepez", 
        "usuario": [
            "Criseu_Directora"
        ], 
        "twitter": null, 
        "experiencia": null, 
        "telefono_fijo": null, 
        "privilegio": 9, 
        "datos_pago": null, 
        "nombre": "Cristina ", 
        "email": "cristinayepezfaria@gmail.com", 
        "cedula": "123456", 
        "telefono_celular": null
    }
},
{
    "pk": 9, 
    "model": "modulo_movil.directorio_actual", 
    "fields": {
        "pedido": 41, 
        "directorio": "/home/fotomov/Imagenes/fotomov_imagenes/eventos/2014/Fotomov Deporte/Competencia de Gimnasia /Club Italo Venezolano /Copa de Gimnasia Club Italo/Centro Italo Venezolano /2014-07-04/Centro Italo Venezolano/Viernes 2pm/NIVEL 1 AAU/SALTO/", 
        "usuario": [
            "ecuencas"
        ]
    }
},
{
    "pk": 13, 
    "model": "modulo_movil.directorio_actual", 
    "fields": {
        "pedido": 38, 
        "directorio": "/home/fotomov/Imagenes/fotomov_imagenes/eventos/2014/Fotomov Deporte/Competencia de Gimnasia /Club Italo Venezolano /Copa de Gimnasia Club Italo/Centro Italo Venezolano /2014-07-04/Centro Italo Venezolano/Viernes 2pm/BASICA (COPA INTERNA)/PREMIACIONES/", 
        "usuario": [
            "dsanjines"
        ]
    }
},
{
    "pk": 17, 
    "model": "modulo_movil.directorio_actual", 
    "fields": {
        "pedido": 39, 
        "directorio": "/home/fotomov/Imagenes/fotomov_imagenes/eventos/2014/Fotomov Deporte/Competencia de Gimnasia /Club Italo Venezolano /Copa de Gimnasia Club Italo/Centro Italo Venezolano /2014-07-04/Centro Italo Venezolano/Viernes 2pm/BASICA (COPA INTERNA)/PREMIACIONES/", 
        "usuario": [
            "aopalinski"
        ]
    }
},
{
    "pk": 18, 
    "model": "modulo_movil.directorio_actual", 
    "fields": {
        "pedido": 36, 
        "directorio": "/home/fotomov/Imagenes/fotomov_imagenes/eventos/2014/Fotomov Deporte/Competencia de Gimnasia /Club Italo Venezolano /Copa de Gimnasia Club Italo/Centro Italo Venezolano /2014-07-04/Centro Italo Venezolano/Viernes 2pm/NIVEL 1 AAU/", 
        "usuario": [
            "gmejias"
        ]
    }
},
{
    "pk": 20, 
    "model": "modulo_movil.directorio_actual", 
    "fields": {
        "pedido": 40, 
        "directorio": "/home/fotomov/Imagenes/fotomov_imagenes/eventos/2014/Fotomov Deporte/Competencia de Gimnasia /Club Italo Venezolano /Copa de Gimnasia Club Italo/Centro Italo Venezolano /2014-07-04/Centro Italo Venezolano/Viernes 2pm/NIVEL 1 AAU/RIEL/CIV/", 
        "usuario": [
            "jmorales"
        ]
    }
},
{
    "pk": 21, 
    "model": "modulo_movil.directorio_actual", 
    "fields": {
        "pedido": 63, 
        "directorio": "/home/fotomov/Imagenes/fotomov_imagenes/eventos/", 
        "usuario": [
            "fotomov"
        ]
    }
}
]
